timestamp,dam_price_inr_per_kwh
2026-03-01 00:00:00,4.255
2026-03-01 01:00:00,4.33
2026-03-01 02:00:00,4.186
2026-03-01 03:00:00,4.032
2026-03-01 04:00:00,4.141
2026-03-01 05:00:00,4.007
2026-03-01 06:00:00,4.27
2026-03-01 07:00:00,5.126
2026-03-01 08:00:00,5.167
2026-03-01 09:00:00,5.564
2026-03-01 10:00:00,6.171
2026-03-01 11:00:00,6.346
2026-03-01 12:00:00,6.362
2026-03-01 13:00:00,6.064
2026-03-01 14:00:00,6.171
2026-03-01 15:00:00,6.223
2026-03-01 16:00:00,5.635
2026-03-01 17:00:00,5.817
2026-03-01 18:00:00,5.335
2026-03-01 19:00:00,5.658
2026-03-01 20:00:00,5.35
2026-03-01 21:00:00,5.337
2026-03-01 22:00:00,4.619
2026-03-01 23:00:00,4.653
2026-03-02 00:00:00,4.294
2026-03-02 01:00:00,4.208
2026-03-02 02:00:00,3.626
2026-03-02 03:00:00,4.12
2026-03-02 04:00:00,4.243
2026-03-02 05:00:00,4.283
2026-03-02 06:00:00,3.872
2026-03-02 07:00:00,4.671
2026-03-02 08:00:00,5.045
2026-03-02 09:00:00,5.517
2026-03-02 10:00:00,6.313
2026-03-02 11:00:00,6.055
2026-03-02 12:00:00,6.328
2026-03-02 13:00:00,6.517
2026-03-02 14:00:00,6.032
2026-03-02 15:00:00,6.021
2026-03-02 16:00:00,5.998
2026-03-02 17:00:00,5.948
2026-03-02 18:00:00,5.504
2026-03-02 19:00:00,5.999
2026-03-02 20:00:00,6.15
2026-03-02 21:00:00,5.009
2026-03-02 22:00:00,7.673
2026-03-02 23:00:00,4.615
2026-03-03 00:00:00,4.095
2026-03-03 01:00:00,4.755
2026-03-03 02:00:00,4.446
2026-03-03 03:00:00,3.955
2026-03-03 04:00:00,4.274
2026-03-03 05:00:00,4.399
2026-03-03 06:00:00,4.208
2026-03-03 07:00:00,4.961
2026-03-03 08:00:00,5.273
2026-03-03 09:00:00,5.886
2026-03-03 10:00:00,6.408
2026-03-03 11:00:00,6.088
2026-03-03 12:00:00,6.387
2026-03-03 13:00:00,6.18
2026-03-03 14:00:00,6.21
2026-03-03 15:00:00,5.752
2026-03-03 16:00:00,5.826
2026-03-03 17:00:00,5.883
2026-03-03 18:00:00,6.035
2026-03-03 19:00:00,6.266
2026-03-03 20:00:00,5.48
2026-03-03 21:00:00,5.197
2026-03-03 22:00:00,5.097
2026-03-03 23:00:00,4.087
2026-03-04 00:00:00,4.139
2026-03-04 01:00:00,4.231
2026-03-04 02:00:00,4.569
2026-03-04 03:00:00,4.427
2026-03-04 04:00:00,4.173
2026-03-04 05:00:00,4.163
2026-03-04 06:00:00,4.192
2026-03-04 07:00:00,5.172
2026-03-04 08:00:00,5.183
2026-03-04 09:00:00,5.643
2026-03-04 10:00:00,6.136
2026-03-04 11:00:00,6.227
2026-03-04 12:00:00,6.287
2026-03-04 13:00:00,6.018
2026-03-04 14:00:00,6.175
2026-03-04 15:00:00,5.938
2026-03-04 16:00:00,6.262
2026-03-04 17:00:00,6.095
2026-03-04 18:00:00,5.805
2026-03-04 19:00:00,6.147
2026-03-04 20:00:00,5.726
2026-03-04 21:00:00,5.659
2026-03-04 22:00:00,4.934
2026-03-04 23:00:00,4.731
2026-03-05 00:00:00,3.932
2026-03-05 01:00:00,4.342
2026-03-05 02:00:00,3.833
2026-03-05 03:00:00,3.746
2026-03-05 04:00:00,4.179
2026-03-05 05:00:00,4.03
2026-03-05 06:00:00,4.296
2026-03-05 07:00:00,5.352
2026-03-05 08:00:00,5.082
2026-03-05 09:00:00,5.563
2026-03-05 10:00:00,6.099
2026-03-05 11:00:00,9.635
2026-03-05 12:00:00,6.292
2026-03-05 13:00:00,6.245
2026-03-05 14:00:00,6.354
2026-03-05 15:00:00,6.179
2026-03-05 16:00:00,5.712
2026-03-05 17:00:00,5.912
2026-03-05 18:00:00,5.82
2026-03-05 19:00:00,5.716
2026-03-05 20:00:00,5.876
2026-03-05 21:00:00,5.182
2026-03-05 22:00:00,5.179
2026-03-05 23:00:00,4.634
2026-03-06 00:00:00,3.722
2026-03-06 01:00:00,3.552
2026-03-06 02:00:00,3.67
2026-03-06 03:00:00,3.201
2026-03-06 04:00:00,3.417
2026-03-06 05:00:00,3.791
2026-03-06 06:00:00,3.168
2026-03-06 07:00:00,4.378
2026-03-06 08:00:00,4.163
2026-03-06 09:00:00,5.162
2026-03-06 10:00:00,5.048
2026-03-06 11:00:00,5.635
2026-03-06 12:00:00,5.542
2026-03-06 13:00:00,5.091
2026-03-06 14:00:00,5.684
2026-03-06 15:00:00,5.62
2026-03-06 16:00:00,5.176
2026-03-06 17:00:00,5.09
2026-03-06 18:00:00,5.013
2026-03-06 19:00:00,4.956
2026-03-06 20:00:00,5.327
2026-03-06 21:00:00,4.557
2026-03-06 22:00:00,4.279
2026-03-06 23:00:00,3.789
2026-03-07 00:00:00,3.543
2026-03-07 01:00:00,3.381
2026-03-07 02:00:00,4.014
2026-03-07 03:00:00,3.661
2026-03-07 04:00:00,3.941
2026-03-07 05:00:00,3.703
2026-03-07 06:00:00,3.526
2026-03-07 07:00:00,4.084
2026-03-07 08:00:00,4.46
2026-03-07 09:00:00,4.975
2026-03-07 10:00:00,5.165
2026-03-07 11:00:00,5.366
2026-03-07 12:00:00,5.165
2026-03-07 13:00:00,5.273
2026-03-07 14:00:00,5.786
2026-03-07 15:00:00,5.092
2026-03-07 16:00:00,4.928
2026-03-07 17:00:00,5.242
2026-03-07 18:00:00,5.405
2026-03-07 19:00:00,4.836
2026-03-07 20:00:00,5.001
2026-03-07 21:00:00,4.534
2026-03-07 22:00:00,3.852
2026-03-07 23:00:00,4.171
2026-03-08 00:00:00,4.249
2026-03-08 01:00:00,4.273
2026-03-08 02:00:00,4.067
2026-03-08 03:00:00,4.369
2026-03-08 04:00:00,4.12
2026-03-08 05:00:00,4.219
2026-03-08 06:00:00,3.978
2026-03-08 07:00:00,4.487
2026-03-08 08:00:00,5.624
2026-03-08 09:00:00,5.592
2026-03-08 10:00:00,6.121
2026-03-08 11:00:00,6.248
2026-03-08 12:00:00,6.226
2026-03-08 13:00:00,6.169
2026-03-08 14:00:00,6.336
2026-03-08 15:00:00,5.974
2026-03-08 16:00:00,5.933
2026-03-08 17:00:00,5.937
2026-03-08 18:00:00,6.105
2026-03-08 19:00:00,6.15
2026-03-08 20:00:00,5.906
2026-03-08 21:00:00,5.255
2026-03-08 22:00:00,4.59
2026-03-08 23:00:00,4.823
2026-03-09 00:00:00,4.497
2026-03-09 01:00:00,4.22
2026-03-09 02:00:00,4.39
2026-03-09 03:00:00,4.45
2026-03-09 04:00:00,4.463
2026-03-09 05:00:00,4.485
2026-03-09 06:00:00,4.141
2026-03-09 07:00:00,5.169
2026-03-09 08:00:00,4.978
2026-03-09 09:00:00,5.934
2026-03-09 10:00:00,6.172
2026-03-09 11:00:00,6.475
2026-03-09 12:00:00,6.806
2026-03-09 13:00:00,6.667
2026-03-09 14:00:00,5.892
2026-03-09 15:00:00,5.627
2026-03-09 16:00:00,6.175
2026-03-09 17:00:00,5.678
2026-03-09 18:00:00,5.808
2026-03-09 19:00:00,6.19
2026-03-09 20:00:00,5.4
2026-03-09 21:00:00,4.869
2026-03-09 22:00:00,5.001
2026-03-09 23:00:00,4.596
2026-03-10 00:00:00,4.194
2026-03-10 01:00:00,4.265
2026-03-10 02:00:00,4.04
2026-03-10 03:00:00,3.877
2026-03-10 04:00:00,4.213
2026-03-10 05:00:00,4.012
2026-03-10 06:00:00,3.844
2026-03-10 07:00:00,4.917
2026-03-10 08:00:00,7.558
2026-03-10 09:00:00,5.82
2026-03-10 10:00:00,5.801
2026-03-10 11:00:00,6.092
2026-03-10 12:00:00,6.086
2026-03-10 13:00:00,6.075
2026-03-10 14:00:00,6.227
2026-03-10 15:00:00,5.853
2026-03-10 16:00:00,6.06
2026-03-10 17:00:00,6.017
2026-03-10 18:00:00,6.317
2026-03-10 19:00:00,5.632
2026-03-10 20:00:00,6.033
2026-03-10 21:00:00,5.374
2026-03-10 22:00:00,4.932
2026-03-10 23:00:00,4.223
2026-03-11 00:00:00,4.14
2026-03-11 01:00:00,4.441
2026-03-11 02:00:00,4.234
2026-03-11 03:00:00,4.275
2026-03-11 04:00:00,4.182
2026-03-11 05:00:00,4.544
2026-03-11 06:00:00,4.25
2026-03-11 07:00:00,4.241
2026-03-11 08:00:00,5.117
2026-03-11 09:00:00,5.227
2026-03-11 10:00:00,5.235
2026-03-11 11:00:00,6.124
2026-03-11 12:00:00,6.669
2026-03-11 13:00:00,6.308
2026-03-11 14:00:00,5.885
2026-03-11 15:00:00,5.814
2026-03-11 16:00:00,6.253
2026-03-11 17:00:00,5.971
2026-03-11 18:00:00,5.823
2026-03-11 19:00:00,5.967
2026-03-11 20:00:00,5.82
2026-03-11 21:00:00,5.597
2026-03-11 22:00:00,5.074
2026-03-11 23:00:00,4.639
2026-03-12 00:00:00,3.994
2026-03-12 01:00:00,4.383
2026-03-12 02:00:00,4.084
2026-03-12 03:00:00,4.528
2026-03-12 04:00:00,3.937
2026-03-12 05:00:00,4.221
2026-03-12 06:00:00,4.253
2026-03-12 07:00:00,4.46
2026-03-12 08:00:00,5.72
2026-03-12 09:00:00,6.084
2026-03-12 10:00:00,5.932
2026-03-12 11:00:00,6.45
2026-03-12 12:00:00,6.431
2026-03-12 13:00:00,5.643
2026-03-12 14:00:00,6.241
2026-03-12 15:00:00,6.034
2026-03-12 16:00:00,5.992
2026-03-12 17:00:00,5.663
2026-03-12 18:00:00,5.743
2026-03-12 19:00:00,5.935
2026-03-12 20:00:00,6.108
2026-03-12 21:00:00,5.48
2026-03-12 22:00:00,4.934
2026-03-12 23:00:00,4.968
2026-03-13 00:00:00,3.561
2026-03-13 01:00:00,3.603
2026-03-13 02:00:00,3.246
2026-03-13 03:00:00,4.092
2026-03-13 04:00:00,3.941
2026-03-13 05:00:00,3.929
2026-03-13 06:00:00,3.867
2026-03-13 07:00:00,4.193
2026-03-13 08:00:00,4.654
2026-03-13 09:00:00,4.91
2026-03-13 10:00:00,5.208
2026-03-13 11:00:00,5.454
2026-03-13 12:00:00,5.887
2026-03-13 13:00:00,5.614
2026-03-13 14:00:00,5.358
2026-03-13 15:00:00,5.115
2026-03-13 16:00:00,5.033
2026-03-13 17:00:00,5.559
2026-03-13 18:00:00,5.179
2026-03-13 19:00:00,5.217
2026-03-13 20:00:00,4.966
2026-03-13 21:00:00,4.415
2026-03-13 22:00:00,4.275
2026-03-13 23:00:00,4.206
2026-03-14 00:00:00,3.602
2026-03-14 01:00:00,3.643
2026-03-14 02:00:00,3.645
2026-03-14 03:00:00,3.727
2026-03-14 04:00:00,3.302
2026-03-14 05:00:00,3.641
2026-03-14 06:00:00,3.486
2026-03-14 07:00:00,4.387
2026-03-14 08:00:00,4.407
2026-03-14 09:00:00,5.117
2026-03-14 10:00:00,5.64
2026-03-14 11:00:00,5.362
2026-03-14 12:00:00,5.359
2026-03-14 13:00:00,5.523
2026-03-14 14:00:00,8.673
2026-03-14 15:00:00,5.012
2026-03-14 16:00:00,5.307
2026-03-14 17:00:00,5.662
2026-03-14 18:00:00,4.988
2026-03-14 19:00:00,5.149
2026-03-14 20:00:00,4.792
2026-03-14 21:00:00,4.772
2026-03-14 22:00:00,3.98
2026-03-14 23:00:00,3.711
2026-03-15 00:00:00,4.575
2026-03-15 01:00:00,4.029
2026-03-15 02:00:00,4.525
2026-03-15 03:00:00,4.636
2026-03-15 04:00:00,4.32
2026-03-15 05:00:00,4.393
2026-03-15 06:00:00,4.743
2026-03-15 07:00:00,4.742
2026-03-15 08:00:00,5.142
2026-03-15 09:00:00,5.38
2026-03-15 10:00:00,6.058
2026-03-15 11:00:00,6.627
2026-03-15 12:00:00,6.576
2026-03-15 13:00:00,6.061
2026-03-15 14:00:00,5.964
2026-03-15 15:00:00,5.923
2026-03-15 16:00:00,6.044
2026-03-15 17:00:00,5.881
2026-03-15 18:00:00,5.864
2026-03-15 19:00:00,6.054
2026-03-15 20:00:00,5.736
2026-03-15 21:00:00,5.386
2026-03-15 22:00:00,4.987
2026-03-15 23:00:00,4.564
2026-03-16 00:00:00,4.381
2026-03-16 01:00:00,4.723
2026-03-16 02:00:00,4.403
2026-03-16 03:00:00,4.269
2026-03-16 04:00:00,3.833
2026-03-16 05:00:00,4.352
2026-03-16 06:00:00,3.768
2026-03-16 07:00:00,4.438
2026-03-16 08:00:00,5.504
2026-03-16 09:00:00,5.895
2026-03-16 10:00:00,6.011
2026-03-16 11:00:00,5.829
2026-03-16 12:00:00,6.243
2026-03-16 13:00:00,6.127
2026-03-16 14:00:00,6.337
2026-03-16 15:00:00,6.613
2026-03-16 16:00:00,6.025
2026-03-16 17:00:00,5.737
2026-03-16 18:00:00,5.518
2026-03-16 19:00:00,5.966
2026-03-16 20:00:00,5.766
2026-03-16 21:00:00,5.108
2026-03-16 22:00:00,4.965
2026-03-16 23:00:00,4.298
2026-03-17 00:00:00,4.533
2026-03-17 01:00:00,4.521
2026-03-17 02:00:00,4.526
2026-03-17 03:00:00,4.136
2026-03-17 04:00:00,4.384
2026-03-17 05:00:00,4.222
2026-03-17 06:00:00,4.158
2026-03-17 07:00:00,4.706
2026-03-17 08:00:00,4.965
2026-03-17 09:00:00,5.358
2026-03-17 10:00:00,6.247
2026-03-17 11:00:00,6.209
2026-03-17 12:00:00,6.39
2026-03-17 13:00:00,6.547
2026-03-17 14:00:00,5.745
2026-03-17 15:00:00,5.853
2026-03-17 16:00:00,6.015
2026-03-17 17:00:00,6.03
2026-03-17 18:00:00,5.716
2026-03-17 19:00:00,6.237
2026-03-17 20:00:00,5.863
2026-03-17 21:00:00,5.093
2026-03-17 22:00:00,4.703
2026-03-17 23:00:00,4.787
2026-03-18 00:00:00,4.371
2026-03-18 01:00:00,3.78
2026-03-18 02:00:00,4.592
2026-03-18 03:00:00,4.405
2026-03-18 04:00:00,4.591
2026-03-18 05:00:00,4.159
2026-03-18 06:00:00,4.181
2026-03-18 07:00:00,4.509
2026-03-18 08:00:00,5.924
2026-03-18 09:00:00,5.675
2026-03-18 10:00:00,6.445
2026-03-18 11:00:00,6.095
2026-03-18 12:00:00,6.377
2026-03-18 13:00:00,5.878
2026-03-18 14:00:00,6.082
2026-03-18 15:00:00,6.295
2026-03-18 16:00:00,5.658
2026-03-18 17:00:00,6.2
2026-03-18 18:00:00,5.895
2026-03-18 19:00:00,5.719
2026-03-18 20:00:00,5.685
2026-03-18 21:00:00,5.281
2026-03-18 22:00:00,4.923
2026-03-18 23:00:00,4.451
2026-03-19 00:00:00,4.048
2026-03-19 01:00:00,4.179
2026-03-19 02:00:00,3.998
2026-03-19 03:00:00,3.933
2026-03-19 04:00:00,4.243
2026-03-19 05:00:00,4.476
2026-03-19 06:00:00,3.873
2026-03-19 07:00:00,4.792
2026-03-19 08:00:00,5.128
2026-03-19 09:00:00,5.474
2026-03-19 10:00:00,6.261
2026-03-19 11:00:00,6.127
2026-03-19 12:00:00,6.71
2026-03-19 13:00:00,6.101
2026-03-19 14:00:00,6.275
2026-03-19 15:00:00,5.992
2026-03-19 16:00:00,5.782
2026-03-19 17:00:00,6.079
2026-03-19 18:00:00,5.772
2026-03-19 19:00:00,6.131
2026-03-19 20:00:00,5.799
2026-03-19 21:00:00,5.125
2026-03-19 22:00:00,4.91
2026-03-19 23:00:00,4.598
2026-03-20 00:00:00,3.94
2026-03-20 01:00:00,3.473
2026-03-20 02:00:00,3.69
2026-03-20 03:00:00,3.27
2026-03-20 04:00:00,3.863
2026-03-20 05:00:00,3.43
2026-03-20 06:00:00,3.248
2026-03-20 07:00:00,4.151
2026-03-20 08:00:00,4.876
2026-03-20 09:00:00,4.592
2026-03-20 10:00:00,4.987
2026-03-20 11:00:00,5.255
2026-03-20 12:00:00,5.227
2026-03-20 13:00:00,5.57
2026-03-20 14:00:00,5.17
2026-03-20 15:00:00,5.08
2026-03-20 16:00:00,5.338
2026-03-20 17:00:00,4.969
2026-03-20 18:00:00,5.161
2026-03-20 19:00:00,4.957
2026-03-20 20:00:00,4.75
2026-03-20 21:00:00,4.233
2026-03-20 22:00:00,4.757
2026-03-20 23:00:00,3.907
2026-03-21 00:00:00,3.761
2026-03-21 01:00:00,3.692
2026-03-21 02:00:00,3.74
2026-03-21 03:00:00,3.712
2026-03-21 04:00:00,4.177
2026-03-21 05:00:00,3.44
2026-03-21 06:00:00,3.311
2026-03-21 07:00:00,3.913
2026-03-21 08:00:00,4.266
2026-03-21 09:00:00,5.16
2026-03-21 10:00:00,5.464
2026-03-21 11:00:00,5.2
2026-03-21 12:00:00,5.162
2026-03-21 13:00:00,5.386
2026-03-21 14:00:00,5.72
2026-03-21 15:00:00,4.555
2026-03-21 16:00:00,5.324
2026-03-21 17:00:00,4.889
2026-03-21 18:00:00,5.313
2026-03-21 19:00:00,4.931
2026-03-21 20:00:00,4.981
2026-03-21 21:00:00,4.316
2026-03-21 22:00:00,4.048
2026-03-21 23:00:00,4.334
2026-03-22 00:00:00,4.46
2026-03-22 01:00:00,4.155
2026-03-22 02:00:00,4.037
2026-03-22 03:00:00,3.782
2026-03-22 04:00:00,4.157
2026-03-22 05:00:00,4.247
2026-03-22 06:00:00,4.234
2026-03-22 07:00:00,4.767
2026-03-22 08:00:00,5.01
2026-03-22 09:00:00,5.702
2026-03-22 10:00:00,6.038
2026-03-22 11:00:00,6.579
2026-03-22 12:00:00,6.803
2026-03-22 13:00:00,6.262
2026-03-22 14:00:00,5.986
2026-03-22 15:00:00,6.033
2026-03-22 16:00:00,5.819
2026-03-22 17:00:00,5.746
2026-03-22 18:00:00,5.796
2026-03-22 19:00:00,5.719
2026-03-22 20:00:00,5.962
2026-03-22 21:00:00,5.37
2026-03-22 22:00:00,4.998
2026-03-22 23:00:00,4.54
2026-03-23 00:00:00,4.073
2026-03-23 01:00:00,4.018
2026-03-23 02:00:00,4.196
2026-03-23 03:00:00,4.118
2026-03-23 04:00:00,4.313
2026-03-23 05:00:00,4.254
2026-03-23 06:00:00,3.914
2026-03-23 07:00:00,4.808
2026-03-23 08:00:00,4.954
2026-03-23 09:00:00,5.565
2026-03-23 10:00:00,5.974
2026-03-23 11:00:00,5.738
2026-03-23 12:00:00,6.359
2026-03-23 13:00:00,6.334
2026-03-23 14:00:00,6.139
2026-03-23 15:00:00,5.943
2026-03-23 16:00:00,5.877
2026-03-23 17:00:00,5.688
2026-03-23 18:00:00,5.743
2026-03-23 19:00:00,5.842
2026-03-23 20:00:00,5.834
2026-03-23 21:00:00,5.095
2026-03-23 22:00:00,4.995
2026-03-23 23:00:00,4.621
2026-03-24 00:00:00,4.22
2026-03-24 01:00:00,4.145
2026-03-24 02:00:00,4.393
2026-03-24 03:00:00,3.839
2026-03-24 04:00:00,4.37
2026-03-24 05:00:00,4.316
2026-03-24 06:00:00,4.326
2026-03-24 07:00:00,4.887
2026-03-24 08:00:00,5.127
2026-03-24 09:00:00,5.654
2026-03-24 10:00:00,6.207
2026-03-24 11:00:00,6.364
2026-03-24 12:00:00,6.388
2026-03-24 13:00:00,5.918
2026-03-24 14:00:00,6.313
2026-03-24 15:00:00,6.341
2026-03-24 16:00:00,6.223
2026-03-24 17:00:00,5.99
2026-03-24 18:00:00,5.421
2026-03-24 19:00:00,6.216
2026-03-24 20:00:00,5.774
2026-03-24 21:00:00,4.763
2026-03-24 22:00:00,5.03
2026-03-24 23:00:00,4.212
2026-03-25 00:00:00,3.931
2026-03-25 01:00:00,4.096
2026-03-25 02:00:00,4.573
2026-03-25 03:00:00,4.162
2026-03-25 04:00:00,4.323
2026-03-25 05:00:00,4.692
2026-03-25 06:00:00,4.654
2026-03-25 07:00:00,4.765
2026-03-25 08:00:00,5.23
2026-03-25 09:00:00,5.404
2026-03-25 10:00:00,5.874
2026-03-25 11:00:00,6.363
2026-03-25 12:00:00,6.435
2026-03-25 13:00:00,6.324
2026-03-25 14:00:00,6.427
2026-03-25 15:00:00,5.856
2026-03-25 16:00:00,5.957
2026-03-25 17:00:00,6.115
2026-03-25 18:00:00,5.957
2026-03-25 19:00:00,6.248
2026-03-25 20:00:00,5.91
2026-03-25 21:00:00,5.319
2026-03-25 22:00:00,5.026
2026-03-25 23:00:00,4.335
2026-03-26 00:00:00,3.845
2026-03-26 01:00:00,4.4
2026-03-26 02:00:00,4.241
2026-03-26 03:00:00,4.332
2026-03-26 04:00:00,3.831
2026-03-26 05:00:00,4.164
2026-03-26 06:00:00,4.105
2026-03-26 07:00:00,4.575
2026-03-26 08:00:00,4.726
2026-03-26 09:00:00,5.635
2026-03-26 10:00:00,6.272
2026-03-26 11:00:00,6.352
2026-03-26 12:00:00,6.186
2026-03-26 13:00:00,6.293
2026-03-26 14:00:00,6.367
2026-03-26 15:00:00,5.359
2026-03-26 16:00:00,5.94
2026-03-26 17:00:00,6.068
2026-03-26 18:00:00,5.981
2026-03-26 19:00:00,6.405
2026-03-26 20:00:00,6.094
2026-03-26 21:00:00,5.474
2026-03-26 22:00:00,5.011
2026-03-26 23:00:00,4.782
2026-03-27 00:00:00,3.565
2026-03-27 01:00:00,3.69
2026-03-27 02:00:00,3.927
2026-03-27 03:00:00,4.189
2026-03-27 04:00:00,3.66
2026-03-27 05:00:00,3.688
2026-03-27 06:00:00,3.75
2026-03-27 07:00:00,4.502
2026-03-27 08:00:00,4.592
2026-03-27 09:00:00,5.34
2026-03-27 10:00:00,5.018
2026-03-27 11:00:00,5.394
2026-03-27 12:00:00,5.46
2026-03-27 13:00:00,5.672
2026-03-27 14:00:00,5.634
2026-03-27 15:00:00,4.883
2026-03-27 16:00:00,4.963
2026-03-27 17:00:00,5.242
2026-03-27 18:00:00,4.888
2026-03-27 19:00:00,4.819
2026-03-27 20:00:00,5.312
2026-03-27 21:00:00,4.816
2026-03-27 22:00:00,4.415
2026-03-27 23:00:00,3.868
2026-03-28 00:00:00,3.957
2026-03-28 01:00:00,3.64
2026-03-28 02:00:00,3.974
2026-03-28 03:00:00,3.472
2026-03-28 04:00:00,3.486
2026-03-28 05:00:00,3.751
2026-03-28 06:00:00,3.524
2026-03-28 07:00:00,4.335
2026-03-28 08:00:00,4.665
2026-03-28 09:00:00,4.742
2026-03-28 10:00:00,5.277
2026-03-28 11:00:00,5.353
2026-03-28 12:00:00,5.738
2026-03-28 13:00:00,5.317
2026-03-28 14:00:00,5.262
2026-03-28 15:00:00,5.563
2026-03-28 16:00:00,5.752
2026-03-28 17:00:00,5.658
2026-03-28 18:00:00,5.069
2026-03-28 19:00:00,5.255
2026-03-28 20:00:00,5.436
2026-03-28 21:00:00,4.661
2026-03-28 22:00:00,4.048
2026-03-28 23:00:00,4.016
2026-03-29 00:00:00,4.368
2026-03-29 01:00:00,4.048
2026-03-29 02:00:00,3.843
2026-03-29 03:00:00,3.896
2026-03-29 04:00:00,4.421
2026-03-29 05:00:00,4.065
2026-03-29 06:00:00,4.22
2026-03-29 07:00:00,4.844
2026-03-29 08:00:00,5.445
2026-03-29 09:00:00,5.635
2026-03-29 10:00:00,6.173
2026-03-29 11:00:00,6.034
2026-03-29 12:00:00,6.245
2026-03-29 13:00:00,6.04
2026-03-29 14:00:00,6.461
2026-03-29 15:00:00,6.042
2026-03-29 16:00:00,5.786
2026-03-29 17:00:00,5.844
2026-03-29 18:00:00,5.755
2026-03-29 19:00:00,6.155
2026-03-29 20:00:00,5.412
2026-03-29 21:00:00,5.137
2026-03-29 22:00:00,4.841
2026-03-29 23:00:00,5.218
2026-03-30 00:00:00,4.494
2026-03-30 01:00:00,4.227
2026-03-30 02:00:00,6.835
2026-03-30 03:00:00,4.769
2026-03-30 04:00:00,4.197
2026-03-30 05:00:00,4.163
2026-03-30 06:00:00,4.558
2026-03-30 07:00:00,4.914
2026-03-30 08:00:00,5.458
2026-03-30 09:00:00,5.592
2026-03-30 10:00:00,6.529
2026-03-30 11:00:00,6.684
2026-03-30 12:00:00,6.477
2026-03-30 13:00:00,6.467
2026-03-30 14:00:00,5.671
2026-03-30 15:00:00,6.208
2026-03-30 16:00:00,5.922
2026-03-30 17:00:00,6.04
2026-03-30 18:00:00,5.981
2026-03-30 19:00:00,5.895
2026-03-30 20:00:00,5.388
2026-03-30 21:00:00,5.488
2026-03-30 22:00:00,4.75
2026-03-30 23:00:00,4.503
2026-03-31 00:00:00,4.104
2026-03-31 01:00:00,4.17
2026-03-31 02:00:00,3.678
2026-03-31 03:00:00,4.559
2026-03-31 04:00:00,4.318
2026-03-31 05:00:00,4.533
2026-03-31 06:00:00,4.75
2026-03-31 07:00:00,4.796
2026-03-31 08:00:00,4.839
2026-03-31 09:00:00,5.495
2026-03-31 10:00:00,5.746
2026-03-31 11:00:00,6.131
2026-03-31 12:00:00,6.356
2026-03-31 13:00:00,5.796
2026-03-31 14:00:00,6.264
2026-03-31 15:00:00,5.671
2026-03-31 16:00:00,6.045
2026-03-31 17:00:00,5.904
2026-03-31 18:00:00,5.732
2026-03-31 19:00:00,5.962
2026-03-31 20:00:00,5.676
2026-03-31 21:00:00,5.243
2026-03-31 22:00:00,4.515
2026-03-31 23:00:00,4.578
2026-04-01 00:00:00,4.716
2026-04-01 01:00:00,4.75
2026-04-01 02:00:00,4.585
2026-04-01 03:00:00,4.431
2026-04-01 04:00:00,4.086
2026-04-01 05:00:00,4.616
2026-04-01 06:00:00,4.241
2026-04-01 07:00:00,4.774
2026-04-01 08:00:00,5.217
2026-04-01 09:00:00,8.329
2026-04-01 10:00:00,5.939
2026-04-01 11:00:00,6.236
2026-04-01 12:00:00,6.065
2026-04-01 13:00:00,6.203
2026-04-01 14:00:00,6.748
2026-04-01 15:00:00,6.032
2026-04-01 16:00:00,5.911
2026-04-01 17:00:00,6.065
2026-04-01 18:00:00,5.988
2026-04-01 19:00:00,5.702
2026-04-01 20:00:00,5.759
2026-04-01 21:00:00,5.626
2026-04-01 22:00:00,5.003
2026-04-01 23:00:00,4.616
2026-04-02 00:00:00,4.644
2026-04-02 01:00:00,4.086
2026-04-02 02:00:00,4.276
2026-04-02 03:00:00,4.125
2026-04-02 04:00:00,4.628
2026-04-02 05:00:00,3.767
2026-04-02 06:00:00,4.087
2026-04-02 07:00:00,4.658
2026-04-02 08:00:00,5.456
2026-04-02 09:00:00,5.87
2026-04-02 10:00:00,6.397
2026-04-02 11:00:00,5.863
2026-04-02 12:00:00,6.524
2026-04-02 13:00:00,6.223
2026-04-02 14:00:00,6.012
2026-04-02 15:00:00,6.184
2026-04-02 16:00:00,5.741
2026-04-02 17:00:00,5.413
2026-04-02 18:00:00,5.718
2026-04-02 19:00:00,5.606
2026-04-02 20:00:00,5.648
2026-04-02 21:00:00,5.489
2026-04-02 22:00:00,5.014
2026-04-02 23:00:00,4.982
2026-04-03 00:00:00,3.65
2026-04-03 01:00:00,3.317
2026-04-03 02:00:00,3.511
2026-04-03 03:00:00,3.47
2026-04-03 04:00:00,3.396
2026-04-03 05:00:00,3.809
2026-04-03 06:00:00,3.539
2026-04-03 07:00:00,3.672
2026-04-03 08:00:00,4.774
2026-04-03 09:00:00,4.945
2026-04-03 10:00:00,5.348
2026-04-03 11:00:00,5.467
2026-04-03 12:00:00,5.667
2026-04-03 13:00:00,5.485
2026-04-03 14:00:00,5.681
2026-04-03 15:00:00,5.366
2026-04-03 16:00:00,5.29
2026-04-03 17:00:00,5.261
2026-04-03 18:00:00,4.689
2026-04-03 19:00:00,5.159
2026-04-03 20:00:00,4.988
2026-04-03 21:00:00,4.744
2026-04-03 22:00:00,3.952
2026-04-03 23:00:00,4.396
2026-04-04 00:00:00,3.726
2026-04-04 01:00:00,3.397
2026-04-04 02:00:00,3.273
2026-04-04 03:00:00,3.63
2026-04-04 04:00:00,3.678
2026-04-04 05:00:00,3.52
2026-04-04 06:00:00,3.723
2026-04-04 07:00:00,4.006
2026-04-04 08:00:00,4.738
2026-04-04 09:00:00,4.792
2026-04-04 10:00:00,5.25
2026-04-04 11:00:00,5.685
2026-04-04 12:00:00,6.152
2026-04-04 13:00:00,5.223
2026-04-04 14:00:00,5.256
2026-04-04 15:00:00,5.05
2026-04-04 16:00:00,5.388
2026-04-04 17:00:00,4.871
2026-04-04 18:00:00,4.932
2026-04-04 19:00:00,5.193
2026-04-04 20:00:00,4.808
2026-04-04 21:00:00,4.453
2026-04-04 22:00:00,4.173
2026-04-04 23:00:00,3.462
2026-04-05 00:00:00,3.894
2026-04-05 01:00:00,4.152
2026-04-05 02:00:00,4.292
2026-04-05 03:00:00,4.209
2026-04-05 04:00:00,3.812
2026-04-05 05:00:00,4.139
2026-04-05 06:00:00,4.455
2026-04-05 07:00:00,4.93
2026-04-05 08:00:00,5.27
2026-04-05 09:00:00,5.497
2026-04-05 10:00:00,6.206
2026-04-05 11:00:00,6.112
2026-04-05 12:00:00,6.044
2026-04-05 13:00:00,6.096
2026-04-05 14:00:00,6.54
2026-04-05 15:00:00,6.104
2026-04-05 16:00:00,6.261
2026-04-05 17:00:00,5.812
2026-04-05 18:00:00,6.045
2026-04-05 19:00:00,5.83
2026-04-05 20:00:00,5.771
2026-04-05 21:00:00,6.018
2026-04-05 22:00:00,5.128
2026-04-05 23:00:00,4.46
2026-04-06 00:00:00,4.234
2026-04-06 01:00:00,4.337
2026-04-06 02:00:00,4.558
2026-04-06 03:00:00,4.133
2026-04-06 04:00:00,3.82
2026-04-06 05:00:00,4.185
2026-04-06 06:00:00,4.259
2026-04-06 07:00:00,4.818
2026-04-06 08:00:00,5.619
2026-04-06 09:00:00,5.798
2026-04-06 10:00:00,6.251
2026-04-06 11:00:00,5.982
2026-04-06 12:00:00,6.553
2026-04-06 13:00:00,6.82
2026-04-06 14:00:00,6.371
2026-04-06 15:00:00,6.112
2026-04-06 16:00:00,6.009
2026-04-06 17:00:00,6.379
2026-04-06 18:00:00,5.579
2026-04-06 19:00:00,5.952
2026-04-06 20:00:00,5.926
2026-04-06 21:00:00,5.582
2026-04-06 22:00:00,4.826
2026-04-06 23:00:00,4.662
2026-04-07 00:00:00,4.186
2026-04-07 01:00:00,4.285
2026-04-07 02:00:00,4.222
2026-04-07 03:00:00,3.97
2026-04-07 04:00:00,4.25
2026-04-07 05:00:00,4.474
2026-04-07 06:00:00,4.013
2026-04-07 07:00:00,4.73
2026-04-07 08:00:00,5.456
2026-04-07 09:00:00,5.451
2026-04-07 10:00:00,6.094
2026-04-07 11:00:00,5.992
2026-04-07 12:00:00,6.62
2026-04-07 13:00:00,6.875
2026-04-07 14:00:00,6.684
2026-04-07 15:00:00,5.994
2026-04-07 16:00:00,6.156
2026-04-07 17:00:00,5.962
2026-04-07 18:00:00,5.836
2026-04-07 19:00:00,6.367
2026-04-07 20:00:00,5.481
2026-04-07 21:00:00,5.66
2026-04-07 22:00:00,4.924
2026-04-07 23:00:00,4.937
2026-04-08 00:00:00,4.302
2026-04-08 01:00:00,4.087
2026-04-08 02:00:00,4.324
2026-04-08 03:00:00,4.439
2026-04-08 04:00:00,4.264
2026-04-08 05:00:00,4.377
2026-04-08 06:00:00,4.125
2026-04-08 07:00:00,4.257
2026-04-08 08:00:00,5.515
2026-04-08 09:00:00,5.894
2026-04-08 10:00:00,6.085
2026-04-08 11:00:00,6.274
2026-04-08 12:00:00,6.595
2026-04-08 13:00:00,6.182
2026-04-08 14:00:00,6.001
2026-04-08 15:00:00,6.002
2026-04-08 16:00:00,6.268
2026-04-08 17:00:00,5.585
2026-04-08 18:00:00,6.109
2026-04-08 19:00:00,5.82
2026-04-08 20:00:00,5.536
2026-04-08 21:00:00,5.711
2026-04-08 22:00:00,4.912
2026-04-08 23:00:00,4.26
2026-04-09 00:00:00,4.165
2026-04-09 01:00:00,4.488
2026-04-09 02:00:00,4.553
2026-04-09 03:00:00,4.148
2026-04-09 04:00:00,4.357
2026-04-09 05:00:00,4.434
2026-04-09 06:00:00,4.094
2026-04-09 07:00:00,4.88
2026-04-09 08:00:00,5.282
2026-04-09 09:00:00,5.585
2026-04-09 10:00:00,5.925
2026-04-09 11:00:00,6.274
2026-04-09 12:00:00,6.343
2026-04-09 13:00:00,6.155
2026-04-09 14:00:00,6.072
2026-04-09 15:00:00,6.327
2026-04-09 16:00:00,6.024
2026-04-09 17:00:00,6.153
2026-04-09 18:00:00,6.111
2026-04-09 19:00:00,6.127
2026-04-09 20:00:00,6.378
2026-04-09 21:00:00,5.19
2026-04-09 22:00:00,5.138
2026-04-09 23:00:00,4.506
2026-04-10 00:00:00,4.164
2026-04-10 01:00:00,4.125
2026-04-10 02:00:00,3.211
2026-04-10 03:00:00,3.458
2026-04-10 04:00:00,3.866
2026-04-10 05:00:00,3.897
2026-04-10 06:00:00,3.884
2026-04-10 07:00:00,4.148
2026-04-10 08:00:00,4.714
2026-04-10 09:00:00,5.136
2026-04-10 10:00:00,5.24
2026-04-10 11:00:00,5.698
2026-04-10 12:00:00,4.945
2026-04-10 13:00:00,5.634
2026-04-10 14:00:00,5.114
2026-04-10 15:00:00,5.5
2026-04-10 16:00:00,5.135
2026-04-10 17:00:00,4.936
2026-04-10 18:00:00,5.146
2026-04-10 19:00:00,4.972
2026-04-10 20:00:00,4.825
2026-04-10 21:00:00,4.3
2026-04-10 22:00:00,4.285
2026-04-10 23:00:00,4.111
2026-04-11 00:00:00,3.956
2026-04-11 01:00:00,3.665
2026-04-11 02:00:00,3.962
2026-04-11 03:00:00,3.704
2026-04-11 04:00:00,3.677
2026-04-11 05:00:00,3.843
2026-04-11 06:00:00,3.965
2026-04-11 07:00:00,4.081
2026-04-11 08:00:00,4.539
2026-04-11 09:00:00,4.933
2026-04-11 10:00:00,5.28
2026-04-11 11:00:00,5.216
2026-04-11 12:00:00,5.767
2026-04-11 13:00:00,5.375
2026-04-11 14:00:00,5.488
2026-04-11 15:00:00,5.054
2026-04-11 16:00:00,5.282
2026-04-11 17:00:00,5.256
2026-04-11 18:00:00,4.948
2026-04-11 19:00:00,5.705
2026-04-11 20:00:00,5.146
2026-04-11 21:00:00,5.137
2026-04-11 22:00:00,4.532
2026-04-11 23:00:00,3.822
2026-04-12 00:00:00,4.159
2026-04-12 01:00:00,4.364
2026-04-12 02:00:00,4.27
2026-04-12 03:00:00,4.267
2026-04-12 04:00:00,4.183
2026-04-12 05:00:00,3.803
2026-04-12 06:00:00,4.199
2026-04-12 07:00:00,4.236
2026-04-12 08:00:00,5.383
2026-04-12 09:00:00,5.537
2026-04-12 10:00:00,5.869
2026-04-12 11:00:00,6.202
2026-04-12 12:00:00,6.404
2026-04-12 13:00:00,5.938
2026-04-12 14:00:00,5.741
2026-04-12 15:00:00,5.783
2026-04-12 16:00:00,5.46
2026-04-12 17:00:00,5.69
2026-04-12 18:00:00,6.208
2026-04-12 19:00:00,5.716
2026-04-12 20:00:00,5.974
2026-04-12 21:00:00,5.053
2026-04-12 22:00:00,5.011
2026-04-12 23:00:00,4.505
2026-04-13 00:00:00,4.24
2026-04-13 01:00:00,4.397
2026-04-13 02:00:00,4.694
2026-04-13 03:00:00,4.304
2026-04-13 04:00:00,4.286
2026-04-13 05:00:00,4.012
2026-04-13 06:00:00,4.401
2026-04-13 07:00:00,4.729
2026-04-13 08:00:00,7.96
2026-04-13 09:00:00,5.708
2026-04-13 10:00:00,6.483
2026-04-13 11:00:00,5.761
2026-04-13 12:00:00,6.262
2026-04-13 13:00:00,6.517
2026-04-13 14:00:00,6.09
2026-04-13 15:00:00,5.851
2026-04-13 16:00:00,5.904
2026-04-13 17:00:00,5.587
2026-04-13 18:00:00,5.84
2026-04-13 19:00:00,6.59
2026-04-13 20:00:00,6.097
2026-04-13 21:00:00,5.119
2026-04-13 22:00:00,4.717
2026-04-13 23:00:00,4.484
2026-04-14 00:00:00,4.506
2026-04-14 01:00:00,4.05
2026-04-14 02:00:00,4.082
2026-04-14 03:00:00,4.476
2026-04-14 04:00:00,4.471
2026-04-14 05:00:00,4.162
2026-04-14 06:00:00,3.976
2026-04-14 07:00:00,4.403
2026-04-14 08:00:00,5.115
2026-04-14 09:00:00,5.161
2026-04-14 10:00:00,6.236
2026-04-14 11:00:00,6.099
2026-04-14 12:00:00,6.456
2026-04-14 13:00:00,6.763
2026-04-14 14:00:00,6.471
2026-04-14 15:00:00,5.761
2026-04-14 16:00:00,6.188
2026-04-14 17:00:00,6.221
2026-04-14 18:00:00,5.624
2026-04-14 19:00:00,5.742
2026-04-14 20:00:00,5.783
2026-04-14 21:00:00,4.996
2026-04-14 22:00:00,5.303
2026-04-14 23:00:00,3.984
2026-04-15 00:00:00,3.978
2026-04-15 01:00:00,4.188
2026-04-15 02:00:00,4.198
2026-04-15 03:00:00,4.297
2026-04-15 04:00:00,4.323
2026-04-15 05:00:00,4.202
2026-04-15 06:00:00,4.539
2026-04-15 07:00:00,4.256
2026-04-15 08:00:00,5.29
2026-04-15 09:00:00,5.54
2026-04-15 10:00:00,6.081
2026-04-15 11:00:00,6.312
2026-04-15 12:00:00,6.108
2026-04-15 13:00:00,6.136
2026-04-15 14:00:00,6.376
2026-04-15 15:00:00,6.136
2026-04-15 16:00:00,5.801
2026-04-15 17:00:00,6.442
2026-04-15 18:00:00,6.388
2026-04-15 19:00:00,5.614
2026-04-15 20:00:00,5.886
2026-04-15 21:00:00,6.023
2026-04-15 22:00:00,5.132
2026-04-15 23:00:00,4.641
2026-04-16 00:00:00,4.203
2026-04-16 01:00:00,4.12
2026-04-16 02:00:00,4.202
2026-04-16 03:00:00,4.117
2026-04-16 04:00:00,4.441
2026-04-16 05:00:00,4.155
2026-04-16 06:00:00,4.145
2026-04-16 07:00:00,4.49
2026-04-16 08:00:00,5.278
2026-04-16 09:00:00,5.495
2026-04-16 10:00:00,6.003
2026-04-16 11:00:00,6.517
2026-04-16 12:00:00,6.427
2026-04-16 13:00:00,6.422
2026-04-16 14:00:00,6.267
2026-04-16 15:00:00,6.064
2026-04-16 16:00:00,5.939
2026-04-16 17:00:00,5.855
2026-04-16 18:00:00,6.0
2026-04-16 19:00:00,5.709
2026-04-16 20:00:00,6.146
2026-04-16 21:00:00,5.405
2026-04-16 22:00:00,4.749
2026-04-16 23:00:00,4.463
2026-04-17 00:00:00,3.531
2026-04-17 01:00:00,3.74
2026-04-17 02:00:00,3.521
2026-04-17 03:00:00,3.986
2026-04-17 04:00:00,3.505
2026-04-17 05:00:00,3.132
2026-04-17 06:00:00,3.517
2026-04-17 07:00:00,3.664
2026-04-17 08:00:00,4.59
2026-04-17 09:00:00,5.238
2026-04-17 10:00:00,5.421
2026-04-17 11:00:00,5.106
2026-04-17 12:00:00,5.319
2026-04-17 13:00:00,5.92
2026-04-17 14:00:00,5.452
2026-04-17 15:00:00,5.261
2026-04-17 16:00:00,5.456
2026-04-17 17:00:00,5.771
2026-04-17 18:00:00,5.377
2026-04-17 19:00:00,5.235
2026-04-17 20:00:00,5.141
2026-04-17 21:00:00,4.847
2026-04-17 22:00:00,4.139
2026-04-17 23:00:00,3.723
2026-04-18 00:00:00,3.713
2026-04-18 01:00:00,3.463
2026-04-18 02:00:00,3.685
2026-04-18 03:00:00,3.724
2026-04-18 04:00:00,4.285
2026-04-18 05:00:00,3.487
2026-04-18 06:00:00,3.67
2026-04-18 07:00:00,4.125
2026-04-18 08:00:00,4.709
2026-04-18 09:00:00,5.235
2026-04-18 10:00:00,5.137
2026-04-18 11:00:00,5.235
2026-04-18 12:00:00,5.099
2026-04-18 13:00:00,5.244
2026-04-18 14:00:00,5.506
2026-04-18 15:00:00,5.271
2026-04-18 16:00:00,4.938
2026-04-18 17:00:00,5.065
2026-04-18 18:00:00,5.061
2026-04-18 19:00:00,5.326
2026-04-18 20:00:00,4.904
2026-04-18 21:00:00,4.63
2026-04-18 22:00:00,3.837
2026-04-18 23:00:00,3.699
2026-04-19 00:00:00,4.659
2026-04-19 01:00:00,3.708
2026-04-19 02:00:00,4.171
2026-04-19 03:00:00,4.31
2026-04-19 04:00:00,4.161
2026-04-19 05:00:00,4.053
2026-04-19 06:00:00,4.24
2026-04-19 07:00:00,4.79
2026-04-19 08:00:00,5.269
2026-04-19 09:00:00,5.249
2026-04-19 10:00:00,6.011
2026-04-19 11:00:00,6.043
2026-04-19 12:00:00,6.199
2026-04-19 13:00:00,6.353
2026-04-19 14:00:00,6.338
2026-04-19 15:00:00,6.273
2026-04-19 16:00:00,5.847
2026-04-19 17:00:00,6.163
2026-04-19 18:00:00,6.104
2026-04-19 19:00:00,6.264
2026-04-19 20:00:00,6.158
2026-04-19 21:00:00,5.36
2026-04-19 22:00:00,4.892
2026-04-19 23:00:00,4.792
2026-04-20 00:00:00,3.913
2026-04-20 01:00:00,4.307
2026-04-20 02:00:00,4.122
2026-04-20 03:00:00,4.163
2026-04-20 04:00:00,3.82
2026-04-20 05:00:00,4.032
2026-04-20 06:00:00,4.25
2026-04-20 07:00:00,5.013
2026-04-20 08:00:00,5.538
2026-04-20 09:00:00,5.699
2026-04-20 10:00:00,6.001
2026-04-20 11:00:00,6.049
2026-04-20 12:00:00,6.437
2026-04-20 13:00:00,6.234
2026-04-20 14:00:00,6.33
2026-04-20 15:00:00,6.487
2026-04-20 16:00:00,5.963
2026-04-20 17:00:00,5.558
2026-04-20 18:00:00,5.595
2026-04-20 19:00:00,5.615
2026-04-20 20:00:00,5.511
2026-04-20 21:00:00,5.722
2026-04-20 22:00:00,4.992
2026-04-20 23:00:00,4.205
2026-04-21 00:00:00,4.418
2026-04-21 01:00:00,4.57
2026-04-21 02:00:00,4.165
2026-04-21 03:00:00,4.086
2026-04-21 04:00:00,4.171
2026-04-21 05:00:00,4.326
2026-04-21 06:00:00,4.415
2026-04-21 07:00:00,5.086
2026-04-21 08:00:00,5.593
2026-04-21 09:00:00,6.015
2026-04-21 10:00:00,6.389
2026-04-21 11:00:00,6.422
2026-04-21 12:00:00,5.953
2026-04-21 13:00:00,6.264
2026-04-21 14:00:00,6.257
2026-04-21 15:00:00,5.953
2026-04-21 16:00:00,6.199
2026-04-21 17:00:00,5.842
2026-04-21 18:00:00,5.579
2026-04-21 19:00:00,6.341
2026-04-21 20:00:00,5.977
2026-04-21 21:00:00,5.451
2026-04-21 22:00:00,5.167
2026-04-21 23:00:00,4.851
2026-04-22 00:00:00,4.34
2026-04-22 01:00:00,3.641
2026-04-22 02:00:00,4.086
2026-04-22 03:00:00,4.141
2026-04-22 04:00:00,4.009
2026-04-22 05:00:00,4.305
2026-04-22 06:00:00,4.553
2026-04-22 07:00:00,4.67
2026-04-22 08:00:00,5.006
2026-04-22 09:00:00,6.226
2026-04-22 10:00:00,5.935
2026-04-22 11:00:00,5.949
2026-04-22 12:00:00,6.395
2026-04-22 13:00:00,6.403
2026-04-22 14:00:00,6.002
2026-04-22 15:00:00,6.247
2026-04-22 16:00:00,5.849
2026-04-22 17:00:00,5.701
2026-04-22 18:00:00,5.855
2026-04-22 19:00:00,6.173
2026-04-22 20:00:00,5.652
2026-04-22 21:00:00,5.479
2026-04-22 22:00:00,4.912
2026-04-22 23:00:00,5.291
2026-04-23 00:00:00,4.078
2026-04-23 01:00:00,4.601
2026-04-23 02:00:00,4.242
2026-04-23 03:00:00,4.223
2026-04-23 04:00:00,4.435
2026-04-23 05:00:00,4.478
2026-04-23 06:00:00,4.572
2026-04-23 07:00:00,4.873
2026-04-23 08:00:00,5.14
2026-04-23 09:00:00,5.584
2026-04-23 10:00:00,6.175
2026-04-23 11:00:00,6.402
2026-04-23 12:00:00,6.685
2026-04-23 13:00:00,6.401
2026-04-23 14:00:00,6.443
2026-04-23 15:00:00,6.428
2026-04-23 16:00:00,6.012
2026-04-23 17:00:00,5.56
2026-04-23 18:00:00,5.516
2026-04-23 19:00:00,5.621
2026-04-23 20:00:00,6.209
2026-04-23 21:00:00,5.184
2026-04-23 22:00:00,5.244
2026-04-23 23:00:00,4.732
2026-04-24 00:00:00,4.129
2026-04-24 01:00:00,3.951
2026-04-24 02:00:00,3.674
2026-04-24 03:00:00,3.65
2026-04-24 04:00:00,5.563
2026-04-24 05:00:00,3.744
2026-04-24 06:00:00,3.567
2026-04-24 07:00:00,4.158
2026-04-24 08:00:00,5.002
2026-04-24 09:00:00,4.547
2026-04-24 10:00:00,5.324
2026-04-24 11:00:00,5.214
2026-04-24 12:00:00,5.556
2026-04-24 13:00:00,5.685
2026-04-24 14:00:00,5.358
2026-04-24 15:00:00,5.453
2026-04-24 16:00:00,4.795
2026-04-24 17:00:00,5.435
2026-04-24 18:00:00,4.902
2026-04-24 19:00:00,5.356
2026-04-24 20:00:00,5.098
2026-04-24 21:00:00,4.046
2026-04-24 22:00:00,4.103
2026-04-24 23:00:00,4.042
2026-04-25 00:00:00,4.088
2026-04-25 01:00:00,3.772
2026-04-25 02:00:00,3.764
2026-04-25 03:00:00,3.347
2026-04-25 04:00:00,4.058
2026-04-25 05:00:00,4.152
2026-04-25 06:00:00,3.707
2026-04-25 07:00:00,4.111
2026-04-25 08:00:00,4.195
2026-04-25 09:00:00,5.194
2026-04-25 10:00:00,5.935
2026-04-25 11:00:00,5.62
2026-04-25 12:00:00,5.825
2026-04-25 13:00:00,5.611
2026-04-25 14:00:00,5.126
2026-04-25 15:00:00,5.594
2026-04-25 16:00:00,4.883
2026-04-25 17:00:00,5.105
2026-04-25 18:00:00,5.122
2026-04-25 19:00:00,5.421
2026-04-25 20:00:00,5.157
2026-04-25 21:00:00,4.789
2026-04-25 22:00:00,4.102
2026-04-25 23:00:00,3.665
2026-04-26 00:00:00,4.27
2026-04-26 01:00:00,4.077
2026-04-26 02:00:00,3.928
2026-04-26 03:00:00,3.939
2026-04-26 04:00:00,4.132
2026-04-26 05:00:00,3.792
2026-04-26 06:00:00,3.918
2026-04-26 07:00:00,4.382
2026-04-26 08:00:00,5.336
2026-04-26 09:00:00,5.821
2026-04-26 10:00:00,6.55
2026-04-26 11:00:00,5.882
2026-04-26 12:00:00,6.166
2026-04-26 13:00:00,6.524
2026-04-26 14:00:00,6.124
2026-04-26 15:00:00,5.967
2026-04-26 16:00:00,6.398
2026-04-26 17:00:00,5.847
2026-04-26 18:00:00,5.522
2026-04-26 19:00:00,5.651
2026-04-26 20:00:00,5.895
2026-04-26 21:00:00,5.472
2026-04-26 22:00:00,4.593
2026-04-26 23:00:00,4.339
2026-04-27 00:00:00,4.389
2026-04-27 01:00:00,4.399
2026-04-27 02:00:00,4.094
2026-04-27 03:00:00,4.411
2026-04-27 04:00:00,4.398
2026-04-27 05:00:00,3.809
2026-04-27 06:00:00,4.177
2026-04-27 07:00:00,4.895
2026-04-27 08:00:00,5.147
2026-04-27 09:00:00,5.184
2026-04-27 10:00:00,5.977
2026-04-27 11:00:00,6.445
2026-04-27 12:00:00,6.731
2026-04-27 13:00:00,5.749
2026-04-27 14:00:00,6.831
2026-04-27 15:00:00,5.767
2026-04-27 16:00:00,6.21
2026-04-27 17:00:00,6.24
2026-04-27 18:00:00,6.056
2026-04-27 19:00:00,6.017
2026-04-27 20:00:00,5.52
2026-04-27 21:00:00,5.553
2026-04-27 22:00:00,4.757
2026-04-27 23:00:00,3.955
2026-04-28 00:00:00,4.962
2026-04-28 01:00:00,4.432
2026-04-28 02:00:00,4.71
2026-04-28 03:00:00,4.027
2026-04-28 04:00:00,4.622
2026-04-28 05:00:00,4.652
2026-04-28 06:00:00,4.644
2026-04-28 07:00:00,4.785
2026-04-28 08:00:00,4.989
2026-04-28 09:00:00,5.674
2026-04-28 10:00:00,5.497
2026-04-28 11:00:00,5.831
2026-04-28 12:00:00,6.359
2026-04-28 13:00:00,6.048
2026-04-28 14:00:00,6.137
2026-04-28 15:00:00,9.494
2026-04-28 16:00:00,6.453
2026-04-28 17:00:00,6.256
2026-04-28 18:00:00,5.799
2026-04-28 19:00:00,6.282
2026-04-28 20:00:00,5.616
2026-04-28 21:00:00,5.312
2026-04-28 22:00:00,5.163
2026-04-28 23:00:00,4.275
2026-04-29 00:00:00,4.185
2026-04-29 01:00:00,3.925
2026-04-29 02:00:00,4.284
2026-04-29 03:00:00,4.663
2026-04-29 04:00:00,4.067
2026-04-29 05:00:00,4.311
2026-04-29 06:00:00,4.031
2026-04-29 07:00:00,4.503
2026-04-29 08:00:00,4.981
2026-04-29 09:00:00,6.082
2026-04-29 10:00:00,6.639
2026-04-29 11:00:00,6.378
2026-04-29 12:00:00,6.157
2026-04-29 13:00:00,6.473
2026-04-29 14:00:00,6.094
2026-04-29 15:00:00,6.249
2026-04-29 16:00:00,6.044
2026-04-29 17:00:00,6.002
2026-04-29 18:00:00,5.963
2026-04-29 19:00:00,5.835
2026-04-29 20:00:00,5.71
2026-04-29 21:00:00,4.966
2026-04-29 22:00:00,4.825
2026-04-29 23:00:00,4.23
2026-04-30 00:00:00,4.219
2026-04-30 01:00:00,4.016
2026-04-30 02:00:00,4.28
2026-04-30 03:00:00,4.368
2026-04-30 04:00:00,3.9
2026-04-30 05:00:00,4.052
2026-04-30 06:00:00,4.019
2026-04-30 07:00:00,4.977
2026-04-30 08:00:00,5.717
2026-04-30 09:00:00,5.932
2026-04-30 10:00:00,5.961
2026-04-30 11:00:00,6.623
2026-04-30 12:00:00,5.957
2026-04-30 13:00:00,6.671
2026-04-30 14:00:00,6.014
2026-04-30 15:00:00,5.354
2026-04-30 16:00:00,6.633
2026-04-30 17:00:00,6.326
2026-04-30 18:00:00,5.553
2026-04-30 19:00:00,6.022
2026-04-30 20:00:00,5.757
2026-04-30 21:00:00,5.422
2026-04-30 22:00:00,4.565
2026-04-30 23:00:00,4.415
2026-05-01 00:00:00,3.817
2026-05-01 01:00:00,3.756
2026-05-01 02:00:00,4.0
2026-05-01 03:00:00,3.72
2026-05-01 04:00:00,4.287
2026-05-01 05:00:00,3.521
2026-05-01 06:00:00,3.765
2026-05-01 07:00:00,3.687
2026-05-01 08:00:00,4.287
2026-05-01 09:00:00,5.305
2026-05-01 10:00:00,5.023
2026-05-01 11:00:00,5.573
2026-05-01 12:00:00,5.494
2026-05-01 13:00:00,5.214
2026-05-01 14:00:00,5.285
2026-05-01 15:00:00,5.131
2026-05-01 16:00:00,5.07
2026-05-01 17:00:00,5.347
2026-05-01 18:00:00,5.216
2026-05-01 19:00:00,5.056
2026-05-01 20:00:00,4.826
2026-05-01 21:00:00,4.763
2026-05-01 22:00:00,4.267
2026-05-01 23:00:00,4.244
2026-05-02 00:00:00,4.364
2026-05-02 01:00:00,3.911
2026-05-02 02:00:00,3.691
2026-05-02 03:00:00,3.657
2026-05-02 04:00:00,3.486
2026-05-02 05:00:00,3.473
2026-05-02 06:00:00,3.449
2026-05-02 07:00:00,4.067
2026-05-02 08:00:00,4.493
2026-05-02 09:00:00,5.159
2026-05-02 10:00:00,5.159
2026-05-02 11:00:00,5.391
2026-05-02 12:00:00,5.205
2026-05-02 13:00:00,5.886
2026-05-02 14:00:00,5.499
2026-05-02 15:00:00,5.707
2026-05-02 16:00:00,5.391
2026-05-02 17:00:00,5.531
2026-05-02 18:00:00,4.991
2026-05-02 19:00:00,5.379
2026-05-02 20:00:00,5.729
2026-05-02 21:00:00,4.386
2026-05-02 22:00:00,4.586
2026-05-02 23:00:00,4.412
2026-05-03 00:00:00,4.36
2026-05-03 01:00:00,4.446
2026-05-03 02:00:00,4.575
2026-05-03 03:00:00,4.087
2026-05-03 04:00:00,4.359
2026-05-03 05:00:00,4.033
2026-05-03 06:00:00,4.082
2026-05-03 07:00:00,4.633
2026-05-03 08:00:00,5.253
2026-05-03 09:00:00,5.756
2026-05-03 10:00:00,6.164
2026-05-03 11:00:00,5.894
2026-05-03 12:00:00,6.843
2026-05-03 13:00:00,6.592
2026-05-03 14:00:00,6.364
2026-05-03 15:00:00,5.957
2026-05-03 16:00:00,5.948
2026-05-03 17:00:00,6.072
2026-05-03 18:00:00,5.916
2026-05-03 19:00:00,5.55
2026-05-03 20:00:00,6.001
2026-05-03 21:00:00,6.143
2026-05-03 22:00:00,4.462
2026-05-03 23:00:00,4.84
2026-05-04 00:00:00,4.35
2026-05-04 01:00:00,4.226
2026-05-04 02:00:00,4.607
2026-05-04 03:00:00,3.952
2026-05-04 04:00:00,4.297
2026-05-04 05:00:00,4.63
2026-05-04 06:00:00,4.204
2026-05-04 07:00:00,4.683
2026-05-04 08:00:00,5.32
2026-05-04 09:00:00,5.605
2026-05-04 10:00:00,6.445
2026-05-04 11:00:00,6.024
2026-05-04 12:00:00,6.56
2026-05-04 13:00:00,5.975
2026-05-04 14:00:00,6.35
2026-05-04 15:00:00,6.022
2026-05-04 16:00:00,5.307
2026-05-04 17:00:00,5.93
2026-05-04 18:00:00,5.536
2026-05-04 19:00:00,5.866
2026-05-04 20:00:00,6.206
2026-05-04 21:00:00,5.109
2026-05-04 22:00:00,4.663
2026-05-04 23:00:00,4.956
2026-05-05 00:00:00,4.285
2026-05-05 01:00:00,4.651
2026-05-05 02:00:00,4.338
2026-05-05 03:00:00,4.028
2026-05-05 04:00:00,4.238
2026-05-05 05:00:00,4.571
2026-05-05 06:00:00,4.497
2026-05-05 07:00:00,4.791
2026-05-05 08:00:00,5.303
2026-05-05 09:00:00,5.69
2026-05-05 10:00:00,5.899
2026-05-05 11:00:00,6.753
2026-05-05 12:00:00,6.338
2026-05-05 13:00:00,6.006
2026-05-05 14:00:00,6.055
2026-05-05 15:00:00,6.236
2026-05-05 16:00:00,6.136
2026-05-05 17:00:00,5.897
2026-05-05 18:00:00,5.639
2026-05-05 19:00:00,5.986
2026-05-05 20:00:00,5.381
2026-05-05 21:00:00,5.062
2026-05-05 22:00:00,5.141
2026-05-05 23:00:00,4.462
2026-05-06 00:00:00,4.351
2026-05-06 01:00:00,4.568
2026-05-06 02:00:00,4.422
2026-05-06 03:00:00,4.26
2026-05-06 04:00:00,4.802
2026-05-06 05:00:00,4.427
2026-05-06 06:00:00,4.164
2026-05-06 07:00:00,4.979
2026-05-06 08:00:00,5.395
2026-05-06 09:00:00,5.499
2026-05-06 10:00:00,6.067
2026-05-06 11:00:00,6.214
2026-05-06 12:00:00,5.831
2026-05-06 13:00:00,6.252
2026-05-06 14:00:00,6.105
2026-05-06 15:00:00,5.936
2026-05-06 16:00:00,5.548
2026-05-06 17:00:00,5.841
2026-05-06 18:00:00,5.8
2026-05-06 19:00:00,6.006
2026-05-06 20:00:00,5.519
2026-05-06 21:00:00,5.559
2026-05-06 22:00:00,4.623
2026-05-06 23:00:00,4.528
2026-05-07 00:00:00,4.59
2026-05-07 01:00:00,4.077
2026-05-07 02:00:00,4.124
2026-05-07 03:00:00,4.531
2026-05-07 04:00:00,4.156
2026-05-07 05:00:00,4.179
2026-05-07 06:00:00,4.312
2026-05-07 07:00:00,5.06
2026-05-07 08:00:00,4.724
2026-05-07 09:00:00,5.506
2026-05-07 10:00:00,5.789
2026-05-07 11:00:00,5.978
2026-05-07 12:00:00,6.116
2026-05-07 13:00:00,6.081
2026-05-07 14:00:00,6.255
2026-05-07 15:00:00,5.821
2026-05-07 16:00:00,6.002
2026-05-07 17:00:00,6.035
2026-05-07 18:00:00,5.624
2026-05-07 19:00:00,6.013
2026-05-07 20:00:00,6.23
2026-05-07 21:00:00,5.479
2026-05-07 22:00:00,4.773
2026-05-07 23:00:00,4.569
2026-05-08 00:00:00,3.466
2026-05-08 01:00:00,3.769
2026-05-08 02:00:00,3.921
2026-05-08 03:00:00,3.491
2026-05-08 04:00:00,3.647
2026-05-08 05:00:00,3.984
2026-05-08 06:00:00,3.573
2026-05-08 07:00:00,4.214
2026-05-08 08:00:00,4.338
2026-05-08 09:00:00,4.764
2026-05-08 10:00:00,5.128
2026-05-08 11:00:00,5.985
2026-05-08 12:00:00,5.407
2026-05-08 13:00:00,5.343
2026-05-08 14:00:00,5.231
2026-05-08 15:00:00,5.219
2026-05-08 16:00:00,5.356
2026-05-08 17:00:00,5.206
2026-05-08 18:00:00,5.567
2026-05-08 19:00:00,5.253
2026-05-08 20:00:00,5.415
2026-05-08 21:00:00,4.761
2026-05-08 22:00:00,4.443
2026-05-08 23:00:00,3.626
2026-05-09 00:00:00,3.668
2026-05-09 01:00:00,3.683
2026-05-09 02:00:00,3.639
2026-05-09 03:00:00,3.162
2026-05-09 04:00:00,3.92
2026-05-09 05:00:00,3.603
2026-05-09 06:00:00,3.59
2026-05-09 07:00:00,4.102
2026-05-09 08:00:00,4.543
2026-05-09 09:00:00,7.025
2026-05-09 10:00:00,4.941
2026-05-09 11:00:00,5.208
2026-05-09 12:00:00,5.582
2026-05-09 13:00:00,5.511
2026-05-09 14:00:00,5.278
2026-05-09 15:00:00,5.117
2026-05-09 16:00:00,4.983
2026-05-09 17:00:00,5.144
2026-05-09 18:00:00,5.348
2026-05-09 19:00:00,4.935
2026-05-09 20:00:00,5.434
2026-05-09 21:00:00,4.903
2026-05-09 22:00:00,4.179
2026-05-09 23:00:00,4.183
2026-05-10 00:00:00,3.889
2026-05-10 01:00:00,3.822
2026-05-10 02:00:00,3.933
2026-05-10 03:00:00,4.153
2026-05-10 04:00:00,4.174
2026-05-10 05:00:00,4.126
2026-05-10 06:00:00,4.28
2026-05-10 07:00:00,4.257
2026-05-10 08:00:00,5.414
2026-05-10 09:00:00,5.364
2026-05-10 10:00:00,5.883
2026-05-10 11:00:00,6.154
2026-05-10 12:00:00,6.047
2026-05-10 13:00:00,5.954
2026-05-10 14:00:00,5.927
2026-05-10 15:00:00,6.046
2026-05-10 16:00:00,6.118
2026-05-10 17:00:00,6.073
2026-05-10 18:00:00,5.562
2026-05-10 19:00:00,5.782
2026-05-10 20:00:00,5.581
2026-05-10 21:00:00,5.509
2026-05-10 22:00:00,4.426
2026-05-10 23:00:00,4.895
2026-05-11 00:00:00,4.134
2026-05-11 01:00:00,4.059
2026-05-11 02:00:00,4.34
2026-05-11 03:00:00,4.513
2026-05-11 04:00:00,4.341
2026-05-11 05:00:00,4.518
2026-05-11 06:00:00,4.289
2026-05-11 07:00:00,5.098
2026-05-11 08:00:00,5.601
2026-05-11 09:00:00,5.694
2026-05-11 10:00:00,6.408
2026-05-11 11:00:00,6.298
2026-05-11 12:00:00,9.703
2026-05-11 13:00:00,6.066
2026-05-11 14:00:00,6.106
2026-05-11 15:00:00,6.243
2026-05-11 16:00:00,5.643
2026-05-11 17:00:00,6.094
2026-05-11 18:00:00,5.898
2026-05-11 19:00:00,6.049
2026-05-11 20:00:00,5.259
2026-05-11 21:00:00,5.37
2026-05-11 22:00:00,5.098
2026-05-11 23:00:00,4.395
2026-05-12 00:00:00,4.278
2026-05-12 01:00:00,3.66
2026-05-12 02:00:00,4.423
2026-05-12 03:00:00,4.089
2026-05-12 04:00:00,4.473
2026-05-12 05:00:00,3.794
2026-05-12 06:00:00,4.428
2026-05-12 07:00:00,4.732
2026-05-12 08:00:00,5.492
2026-05-12 09:00:00,5.487
2026-05-12 10:00:00,5.893
2026-05-12 11:00:00,6.817
2026-05-12 12:00:00,6.128
2026-05-12 13:00:00,6.12
2026-05-12 14:00:00,6.109
2026-05-12 15:00:00,5.793
2026-05-12 16:00:00,6.268
2026-05-12 17:00:00,6.363
2026-05-12 18:00:00,5.635
2026-05-12 19:00:00,5.548
2026-05-12 20:00:00,6.104
2026-05-12 21:00:00,5.673
2026-05-12 22:00:00,5.141
2026-05-12 23:00:00,4.874
2026-05-13 00:00:00,4.038
2026-05-13 01:00:00,4.213
2026-05-13 02:00:00,3.909
2026-05-13 03:00:00,3.9
2026-05-13 04:00:00,4.5
2026-05-13 05:00:00,4.087
2026-05-13 06:00:00,4.825
2026-05-13 07:00:00,4.809
2026-05-13 08:00:00,5.13
2026-05-13 09:00:00,5.918
2026-05-13 10:00:00,6.498
2026-05-13 11:00:00,6.378
2026-05-13 12:00:00,6.032
2026-05-13 13:00:00,6.389
2026-05-13 14:00:00,6.522
2026-05-13 15:00:00,5.926
2026-05-13 16:00:00,5.777
2026-05-13 17:00:00,6.186
2026-05-13 18:00:00,5.846
2026-05-13 19:00:00,5.704
2026-05-13 20:00:00,5.716
2026-05-13 21:00:00,5.207
2026-05-13 22:00:00,5.01
2026-05-13 23:00:00,4.613
2026-05-14 00:00:00,4.543
2026-05-14 01:00:00,4.432
2026-05-14 02:00:00,3.864
2026-05-14 03:00:00,4.357
2026-05-14 04:00:00,4.479
2026-05-14 05:00:00,4.369
2026-05-14 06:00:00,4.513
2026-05-14 07:00:00,4.653
2026-05-14 08:00:00,5.052
2026-05-14 09:00:00,5.951
2026-05-14 10:00:00,5.782
2026-05-14 11:00:00,5.717
2026-05-14 12:00:00,6.592
2026-05-14 13:00:00,6.115
2026-05-14 14:00:00,6.102
2026-05-14 15:00:00,5.7
2026-05-14 16:00:00,5.639
2026-05-14 17:00:00,5.643
2026-05-14 18:00:00,5.721
2026-05-14 19:00:00,6.072
2026-05-14 20:00:00,5.236
2026-05-14 21:00:00,5.584
2026-05-14 22:00:00,4.64
2026-05-14 23:00:00,4.319
2026-05-15 00:00:00,3.869
2026-05-15 01:00:00,3.681
2026-05-15 02:00:00,3.316
2026-05-15 03:00:00,4.161
2026-05-15 04:00:00,3.485
2026-05-15 05:00:00,3.762
2026-05-15 06:00:00,3.75
2026-05-15 07:00:00,4.519
2026-05-15 08:00:00,4.486
2026-05-15 09:00:00,5.225
2026-05-15 10:00:00,5.074
2026-05-15 11:00:00,5.721
2026-05-15 12:00:00,5.319
2026-05-15 13:00:00,5.385
2026-05-15 14:00:00,5.846
2026-05-15 15:00:00,5.339
2026-05-15 16:00:00,5.219
2026-05-15 17:00:00,5.719
2026-05-15 18:00:00,5.143
2026-05-15 19:00:00,4.996
2026-05-15 20:00:00,5.236
2026-05-15 21:00:00,4.397
2026-05-15 22:00:00,4.574
2026-05-15 23:00:00,4.289
2026-05-16 00:00:00,3.557
2026-05-16 01:00:00,3.543
2026-05-16 02:00:00,3.744
2026-05-16 03:00:00,3.704
2026-05-16 04:00:00,3.456
2026-05-16 05:00:00,3.842
2026-05-16 06:00:00,3.19
2026-05-16 07:00:00,4.058
2026-05-16 08:00:00,4.499
2026-05-16 09:00:00,4.905
2026-05-16 10:00:00,5.336
2026-05-16 11:00:00,5.134
2026-05-16 12:00:00,5.657
2026-05-16 13:00:00,5.43
2026-05-16 14:00:00,5.21
2026-05-16 15:00:00,4.918
2026-05-16 16:00:00,4.896
2026-05-16 17:00:00,5.248
2026-05-16 18:00:00,4.812
2026-05-16 19:00:00,5.216
2026-05-16 20:00:00,5.318
2026-05-16 21:00:00,4.95
2026-05-16 22:00:00,4.682
2026-05-16 23:00:00,3.913
2026-05-17 00:00:00,3.984
2026-05-17 01:00:00,4.51
2026-05-17 02:00:00,4.332
2026-05-17 03:00:00,4.536
2026-05-17 04:00:00,4.258
2026-05-17 05:00:00,4.554
2026-05-17 06:00:00,4.467
2026-05-17 07:00:00,4.97
2026-05-17 08:00:00,5.416
2026-05-17 09:00:00,5.818
2026-05-17 10:00:00,6.106
2026-05-17 11:00:00,6.313
2026-05-17 12:00:00,6.583
2026-05-17 13:00:00,6.168
2026-05-17 14:00:00,6.612
2026-05-17 15:00:00,6.022
2026-05-17 16:00:00,6.217
2026-05-17 17:00:00,5.909
2026-05-17 18:00:00,5.749
2026-05-17 19:00:00,6.488
2026-05-17 20:00:00,5.733
2026-05-17 21:00:00,5.077
2026-05-17 22:00:00,4.757
2026-05-17 23:00:00,4.506
2026-05-18 00:00:00,4.794
2026-05-18 01:00:00,4.307
2026-05-18 02:00:00,4.489
2026-05-18 03:00:00,4.005
2026-05-18 04:00:00,4.343
2026-05-18 05:00:00,4.423
2026-05-18 06:00:00,4.705
2026-05-18 07:00:00,4.617
2026-05-18 08:00:00,5.441
2026-05-18 09:00:00,5.794
2026-05-18 10:00:00,5.793
2026-05-18 11:00:00,6.252
2026-05-18 12:00:00,6.27
2026-05-18 13:00:00,5.715
2026-05-18 14:00:00,6.328
2026-05-18 15:00:00,6.184
2026-05-18 16:00:00,5.861
2026-05-18 17:00:00,5.597
2026-05-18 18:00:00,6.181
2026-05-18 19:00:00,6.046
2026-05-18 20:00:00,6.065
2026-05-18 21:00:00,5.749
2026-05-18 22:00:00,4.806
2026-05-18 23:00:00,4.788
2026-05-19 00:00:00,4.195
2026-05-19 01:00:00,4.239
2026-05-19 02:00:00,4.234
2026-05-19 03:00:00,4.255
2026-05-19 04:00:00,4.533
2026-05-19 05:00:00,4.286
2026-05-19 06:00:00,4.217
2026-05-19 07:00:00,4.722
2026-05-19 08:00:00,5.375
2026-05-19 09:00:00,5.495
2026-05-19 10:00:00,5.922
2026-05-19 11:00:00,6.244
2026-05-19 12:00:00,6.194
2026-05-19 13:00:00,6.267
2026-05-19 14:00:00,6.025
2026-05-19 15:00:00,6.55
2026-05-19 16:00:00,6.303
2026-05-19 17:00:00,6.044
2026-05-19 18:00:00,5.797
2026-05-19 19:00:00,6.528
2026-05-19 20:00:00,5.891
2026-05-19 21:00:00,5.374
2026-05-19 22:00:00,5.012
2026-05-19 23:00:00,4.662
2026-05-20 00:00:00,4.608
2026-05-20 01:00:00,4.25
2026-05-20 02:00:00,4.78
2026-05-20 03:00:00,4.034
2026-05-20 04:00:00,4.429
2026-05-20 05:00:00,4.005
2026-05-20 06:00:00,4.709
2026-05-20 07:00:00,4.708
2026-05-20 08:00:00,6.902
2026-05-20 09:00:00,5.95
2026-05-20 10:00:00,6.362
2026-05-20 11:00:00,5.979
2026-05-20 12:00:00,6.249
2026-05-20 13:00:00,5.948
2026-05-20 14:00:00,6.212
2026-05-20 15:00:00,6.024
2026-05-20 16:00:00,5.884
2026-05-20 17:00:00,5.761
2026-05-20 18:00:00,5.714
2026-05-20 19:00:00,5.793
2026-05-20 20:00:00,5.943
2026-05-20 21:00:00,5.775
2026-05-20 22:00:00,4.453
2026-05-20 23:00:00,4.556
2026-05-21 00:00:00,4.15
2026-05-21 01:00:00,4.378
2026-05-21 02:00:00,4.017
2026-05-21 03:00:00,4.218
2026-05-21 04:00:00,3.995
2026-05-21 05:00:00,4.429
2026-05-21 06:00:00,4.28
2026-05-21 07:00:00,4.75
2026-05-21 08:00:00,5.383
2026-05-21 09:00:00,5.657
2026-05-21 10:00:00,5.66
2026-05-21 11:00:00,6.406
2026-05-21 12:00:00,6.408
2026-05-21 13:00:00,6.258
2026-05-21 14:00:00,6.424
2026-05-21 15:00:00,6.354
2026-05-21 16:00:00,5.698
2026-05-21 17:00:00,5.737
2026-05-21 18:00:00,6.198
2026-05-21 19:00:00,6.335
2026-05-21 20:00:00,5.626
2026-05-21 21:00:00,5.101
2026-05-21 22:00:00,4.776
2026-05-21 23:00:00,4.461
2026-05-22 00:00:00,3.304
2026-05-22 01:00:00,3.708
2026-05-22 02:00:00,3.38
2026-05-22 03:00:00,3.397
2026-05-22 04:00:00,3.929
2026-05-22 05:00:00,3.529
2026-05-22 06:00:00,3.682
2026-05-22 07:00:00,4.323
2026-05-22 08:00:00,4.803
2026-05-22 09:00:00,4.889
2026-05-22 10:00:00,5.27
2026-05-22 11:00:00,5.234
2026-05-22 12:00:00,5.946
2026-05-22 13:00:00,5.638
2026-05-22 14:00:00,5.096
2026-05-22 15:00:00,5.261
2026-05-22 16:00:00,5.37
2026-05-22 17:00:00,5.278
2026-05-22 18:00:00,5.51
2026-05-22 19:00:00,5.543
2026-05-22 20:00:00,4.918
2026-05-22 21:00:00,4.67
2026-05-22 22:00:00,3.972
2026-05-22 23:00:00,4.05
2026-05-23 00:00:00,3.738
2026-05-23 01:00:00,4.376
2026-05-23 02:00:00,3.724
2026-05-23 03:00:00,3.177
2026-05-23 04:00:00,3.532
2026-05-23 05:00:00,3.728
2026-05-23 06:00:00,3.386
2026-05-23 07:00:00,3.949
2026-05-23 08:00:00,4.509
2026-05-23 09:00:00,5.058
2026-05-23 10:00:00,5.218
2026-05-23 11:00:00,5.218
2026-05-23 12:00:00,5.706
2026-05-23 13:00:00,5.34
2026-05-23 14:00:00,5.247
2026-05-23 15:00:00,4.915
2026-05-23 16:00:00,4.995
2026-05-23 17:00:00,5.321
2026-05-23 18:00:00,4.648
2026-05-23 19:00:00,5.182
2026-05-23 20:00:00,5.232
2026-05-23 21:00:00,4.598
2026-05-23 22:00:00,4.352
2026-05-23 23:00:00,3.708
2026-05-24 00:00:00,4.583
2026-05-24 01:00:00,4.53
2026-05-24 02:00:00,4.314
2026-05-24 03:00:00,3.816
2026-05-24 04:00:00,3.994
2026-05-24 05:00:00,4.499
2026-05-24 06:00:00,4.683
2026-05-24 07:00:00,4.865
2026-05-24 08:00:00,5.602
2026-05-24 09:00:00,5.567
2026-05-24 10:00:00,6.001
2026-05-24 11:00:00,6.257
2026-05-24 12:00:00,6.442
2026-05-24 13:00:00,5.914
2026-05-24 14:00:00,6.413
2026-05-24 15:00:00,6.38
2026-05-24 16:00:00,5.684
2026-05-24 17:00:00,5.593
2026-05-24 18:00:00,5.898
2026-05-24 19:00:00,5.816
2026-05-24 20:00:00,5.218
2026-05-24 21:00:00,5.598
2026-05-24 22:00:00,4.975
2026-05-24 23:00:00,4.466
2026-05-25 00:00:00,4.783
2026-05-25 01:00:00,4.29
2026-05-25 02:00:00,4.067
2026-05-25 03:00:00,4.28
2026-05-25 04:00:00,3.995
2026-05-25 05:00:00,4.065
2026-05-25 06:00:00,4.352
2026-05-25 07:00:00,4.652
2026-05-25 08:00:00,5.177
2026-05-25 09:00:00,6.136
2026-05-25 10:00:00,6.263
2026-05-25 11:00:00,6.457
2026-05-25 12:00:00,6.468
2026-05-25 13:00:00,6.417
2026-05-25 14:00:00,6.542
2026-05-25 15:00:00,6.044
2026-05-25 16:00:00,6.435
2026-05-25 17:00:00,5.694
2026-05-25 18:00:00,5.747
2026-05-25 19:00:00,5.635
2026-05-25 20:00:00,5.725
2026-05-25 21:00:00,5.526
2026-05-25 22:00:00,5.299
2026-05-25 23:00:00,4.419
2026-05-26 00:00:00,4.256
2026-05-26 01:00:00,4.165
2026-05-26 02:00:00,4.07
2026-05-26 03:00:00,3.958
2026-05-26 04:00:00,4.27
2026-05-26 05:00:00,3.822
2026-05-26 06:00:00,4.283
2026-05-26 07:00:00,4.796
2026-05-26 08:00:00,5.126
2026-05-26 09:00:00,5.466
2026-05-26 10:00:00,5.702
2026-05-26 11:00:00,6.725
2026-05-26 12:00:00,6.0
2026-05-26 13:00:00,6.686
2026-05-26 14:00:00,6.328
2026-05-26 15:00:00,5.958
2026-05-26 16:00:00,5.682
2026-05-26 17:00:00,6.192
2026-05-26 18:00:00,6.243
2026-05-26 19:00:00,5.746
2026-05-26 20:00:00,5.736
2026-05-26 21:00:00,5.659
2026-05-26 22:00:00,5.02
2026-05-26 23:00:00,5.085
2026-05-27 00:00:00,4.112
2026-05-27 01:00:00,4.391
2026-05-27 02:00:00,3.942
2026-05-27 03:00:00,4.779
2026-05-27 04:00:00,4.072
2026-05-27 05:00:00,3.703
2026-05-27 06:00:00,4.224
2026-05-27 07:00:00,4.756
2026-05-27 08:00:00,5.769
2026-05-27 09:00:00,5.634
2026-05-27 10:00:00,6.045
2026-05-27 11:00:00,6.405
2026-05-27 12:00:00,6.732
2026-05-27 13:00:00,6.281
2026-05-27 14:00:00,6.438
2026-05-27 15:00:00,6.179
2026-05-27 16:00:00,5.897
2026-05-27 17:00:00,5.951
2026-05-27 18:00:00,5.818
2026-05-27 19:00:00,5.751
2026-05-27 20:00:00,6.114
2026-05-27 21:00:00,5.05
2026-05-27 22:00:00,5.229
2026-05-27 23:00:00,4.824
2026-05-28 00:00:00,4.232
2026-05-28 01:00:00,4.064
2026-05-28 02:00:00,4.198
2026-05-28 03:00:00,4.373
2026-05-28 04:00:00,4.441
2026-05-28 05:00:00,4.327
2026-05-28 06:00:00,4.503
2026-05-28 07:00:00,4.651
2026-05-28 08:00:00,5.349
2026-05-28 09:00:00,5.327
2026-05-28 10:00:00,6.239
2026-05-28 11:00:00,6.295
2026-05-28 12:00:00,6.232
2026-05-28 13:00:00,6.587
2026-05-28 14:00:00,6.351
2026-05-28 15:00:00,5.345
2026-05-28 16:00:00,5.981
2026-05-28 17:00:00,5.568
2026-05-28 18:00:00,6.077
2026-05-28 19:00:00,6.602
2026-05-28 20:00:00,5.681
2026-05-28 21:00:00,5.415
2026-05-28 22:00:00,4.873
2026-05-28 23:00:00,4.673
2026-05-29 00:00:00,3.861
2026-05-29 01:00:00,4.022
2026-05-29 02:00:00,3.453
2026-05-29 03:00:00,4.093
2026-05-29 04:00:00,3.467
2026-05-29 05:00:00,3.769
2026-05-29 06:00:00,3.99
2026-05-29 07:00:00,4.344
2026-05-29 08:00:00,4.365
2026-05-29 09:00:00,4.797
2026-05-29 10:00:00,5.144
2026-05-29 11:00:00,5.428
2026-05-29 12:00:00,5.796
2026-05-29 13:00:00,5.152
2026-05-29 14:00:00,5.489
2026-05-29 15:00:00,5.413
2026-05-29 16:00:00,5.332
2026-05-29 17:00:00,5.275
2026-05-29 18:00:00,5.432
2026-05-29 19:00:00,5.322
2026-05-29 20:00:00,5.267
2026-05-29 21:00:00,4.833
2026-05-29 22:00:00,4.74
2026-05-29 23:00:00,3.512
