timestamp,turbine_id,wind_speed,power_kw,availability
2026-03-01 00:00:00,T01,7.11,198.3,1.0
2026-03-01 00:00:00,T02,5.42,25.6,1.0
2026-03-01 00:00:00,T03,8.31,393.2,1.0
2026-03-01 00:00:00,T04,4.82,11.3,1.0
2026-03-01 00:00:00,T05,4.24,27.3,1.0
2026-03-01 01:00:00,T01,5.01,0.0,1.0
2026-03-01 01:00:00,T02,6.23,69.1,1.0
2026-03-01 01:00:00,T03,5.41,41.0,1.0
2026-03-01 01:00:00,T04,4.46,0.0,1.0
2026-03-01 01:00:00,T05,8.12,410.7,1.0
2026-03-01 02:00:00,T01,5.78,77.8,1.0
2026-03-01 02:00:00,T02,4.12,36.4,1.0
2026-03-01 02:00:00,T03,5.98,35.6,1.0
2026-03-01 02:00:00,T04,5.4,29.2,1.0
2026-03-01 02:00:00,T05,5.94,55.3,1.0
2026-03-01 03:00:00,T01,7.94,353.4,1.0
2026-03-01 03:00:00,T02,4.44,24.1,1.0
2026-03-01 03:00:00,T03,7.97,340.4,1.0
2026-03-01 03:00:00,T04,7.95,375.2,1.0
2026-03-01 03:00:00,T05,7.59,219.5,1.0
2026-03-01 04:00:00,T01,2.31,0.0,1.0
2026-03-01 04:00:00,T02,2.35,15.1,1.0
2026-03-01 04:00:00,T03,9.02,575.3,1.0
2026-03-01 04:00:00,T04,6.53,137.5,1.0
2026-03-01 04:00:00,T05,4.64,24.7,1.0
2026-03-01 05:00:00,T01,4.53,0.0,1.0
2026-03-01 05:00:00,T02,9.49,780.2,1.0
2026-03-01 05:00:00,T03,10.28,1047.1,1.0
2026-03-01 05:00:00,T04,6.64,118.4,1.0
2026-03-01 05:00:00,T05,4.51,1.1,1.0
2026-03-01 06:00:00,T01,6.68,139.5,1.0
2026-03-01 06:00:00,T02,8.15,445.2,1.0
2026-03-01 06:00:00,T03,7.24,235.7,1.0
2026-03-01 06:00:00,T04,8.57,473.4,1.0
2026-03-01 06:00:00,T05,8.21,384.0,1.0
2026-03-01 07:00:00,T01,8.26,391.7,1.0
2026-03-01 07:00:00,T02,7.69,240.8,1.0
2026-03-01 07:00:00,T03,7.19,213.4,1.0
2026-03-01 07:00:00,T04,9.04,605.1,1.0
2026-03-01 07:00:00,T05,6.67,149.4,1.0
2026-03-01 08:00:00,T01,9.0,591.7,1.0
2026-03-01 08:00:00,T02,6.1,63.2,1.0
2026-03-01 08:00:00,T03,7.5,264.9,1.0
2026-03-01 08:00:00,T04,5.6,28.7,1.0
2026-03-01 08:00:00,T05,7.73,279.1,1.0
2026-03-01 09:00:00,T01,5.95,49.3,1.0
2026-03-01 09:00:00,T02,9.63,782.5,1.0
2026-03-01 09:00:00,T03,8.22,346.0,1.0
2026-03-01 09:00:00,T04,8.77,508.9,1.0
2026-03-01 09:00:00,T05,8.76,518.2,1.0
2026-03-01 10:00:00,T01,9.25,691.2,1.0
2026-03-01 10:00:00,T02,10.4,1088.8,1.0
2026-03-01 10:00:00,T03,9.98,980.0,1.0
2026-03-01 10:00:00,T04,8.83,567.7,1.0
2026-03-01 10:00:00,T05,11.97,1976.6,1.0
2026-03-01 11:00:00,T01,10.45,1153.3,1.0
2026-03-01 11:00:00,T02,9.78,829.9,1.0
2026-03-01 11:00:00,T03,9.48,716.3,1.0
2026-03-01 11:00:00,T04,7.5,239.9,1.0
2026-03-01 11:00:00,T05,7.77,334.4,1.0
2026-03-01 12:00:00,T01,9.13,633.8,1.0
2026-03-01 12:00:00,T02,7.93,321.3,1.0
2026-03-01 12:00:00,T03,7.57,299.5,1.0
2026-03-01 12:00:00,T04,7.73,262.9,1.0
2026-03-01 12:00:00,T05,7.11,190.8,1.0
2026-03-01 13:00:00,T01,10.8,1330.6,1.0
2026-03-01 13:00:00,T02,8.65,464.6,1.0
2026-03-01 13:00:00,T03,8.16,402.3,1.0
2026-03-01 13:00:00,T04,8.78,527.6,1.0
2026-03-01 13:00:00,T05,8.76,492.8,1.0
2026-03-01 14:00:00,T01,9.53,776.5,1.0
2026-03-01 14:00:00,T02,6.84,163.1,1.0
2026-03-01 14:00:00,T03,10.67,1252.4,1.0
2026-03-01 14:00:00,T04,5.68,55.6,1.0
2026-03-01 14:00:00,T05,8.69,476.4,1.0
2026-03-01 15:00:00,T01,7.47,223.5,1.0
2026-03-01 15:00:00,T02,8.11,366.5,1.0
2026-03-01 15:00:00,T03,8.32,391.8,1.0
2026-03-01 15:00:00,T04,6.1,32.1,1.0
2026-03-01 15:00:00,T05,11.5,1690.9,1.0
2026-03-01 16:00:00,T01,7.94,340.1,1.0
2026-03-01 16:00:00,T02,8.85,561.6,1.0
2026-03-01 16:00:00,T03,6.62,133.9,1.0
2026-03-01 16:00:00,T04,7.68,280.6,1.0
2026-03-01 16:00:00,T05,8.93,543.7,1.0
2026-03-01 17:00:00,T01,6.43,86.3,1.0
2026-03-01 17:00:00,T02,8.42,448.9,1.0
2026-03-01 17:00:00,T03,8.2,373.3,1.0
2026-03-01 17:00:00,T04,9.33,716.2,1.0
2026-03-01 17:00:00,T05,5.09,0.0,1.0
2026-03-01 18:00:00,T01,8.49,475.2,1.0
2026-03-01 18:00:00,T02,6.19,104.2,1.0
2026-03-01 18:00:00,T03,7.76,296.5,1.0
2026-03-01 18:00:00,T04,7.35,236.7,1.0
2026-03-01 18:00:00,T05,6.82,169.1,1.0
2026-03-01 19:00:00,T01,8.15,373.3,1.0
2026-03-01 19:00:00,T02,5.91,58.6,1.0
2026-03-01 19:00:00,T03,8.71,505.8,1.0
2026-03-01 19:00:00,T04,8.25,452.7,1.0
2026-03-01 19:00:00,T05,7.58,281.4,1.0
2026-03-01 20:00:00,T01,7.88,315.2,1.0
2026-03-01 20:00:00,T02,7.91,377.7,1.0
2026-03-01 20:00:00,T03,8.75,471.8,1.0
2026-03-01 20:00:00,T04,5.86,95.7,1.0
2026-03-01 20:00:00,T05,7.16,188.4,1.0
2026-03-01 21:00:00,T01,4.71,0.0,1.0
2026-03-01 21:00:00,T02,4.95,26.1,1.0
2026-03-01 21:00:00,T03,4.64,40.1,1.0
2026-03-01 21:00:00,T04,4.76,51.1,1.0
2026-03-01 21:00:00,T05,3.06,7.3,1.0
2026-03-01 22:00:00,T01,8.46,477.8,1.0
2026-03-01 22:00:00,T02,2.58,0.0,1.0
2026-03-01 22:00:00,T03,4.78,13.4,1.0
2026-03-01 22:00:00,T04,4.04,73.1,1.0
2026-03-01 22:00:00,T05,6.74,148.7,1.0
2026-03-01 23:00:00,T01,5.27,28.2,1.0
2026-03-01 23:00:00,T02,6.68,111.5,1.0
2026-03-01 23:00:00,T03,6.49,104.6,1.0
2026-03-01 23:00:00,T04,3.56,19.4,1.0
2026-03-01 23:00:00,T05,6.99,189.6,1.0
2026-03-02 00:00:00,T01,6.15,75.3,1.0
2026-03-02 00:00:00,T02,1.54,0.0,1.0
2026-03-02 00:00:00,T03,2.65,0.0,1.0
2026-03-02 00:00:00,T04,8.07,362.0,1.0
2026-03-02 00:00:00,T05,7.11,205.6,1.0
2026-03-02 01:00:00,T01,4.3,0.0,1.0
2026-03-02 01:00:00,T02,5.8,60.6,1.0
2026-03-02 01:00:00,T03,6.88,169.3,1.0
2026-03-02 01:00:00,T04,6.93,191.2,1.0
2026-03-02 01:00:00,T05,1.54,0.0,1.0
2026-03-02 02:00:00,T01,6.5,131.3,1.0
2026-03-02 02:00:00,T02,7.31,216.1,1.0
2026-03-02 02:00:00,T03,3.95,0.0,1.0
2026-03-02 02:00:00,T04,2.45,0.0,1.0
2026-03-02 02:00:00,T05,4.92,13.4,1.0
2026-03-02 03:00:00,T01,6.19,98.5,1.0
2026-03-02 03:00:00,T02,6.56,112.0,1.0
2026-03-02 03:00:00,T03,5.01,0.0,1.0
2026-03-02 03:00:00,T04,7.58,266.4,1.0
2026-03-02 03:00:00,T05,7.79,314.0,1.0
2026-03-02 04:00:00,T01,8.19,392.8,1.0
2026-03-02 04:00:00,T02,6.94,217.6,1.0
2026-03-02 04:00:00,T03,9.66,820.5,1.0
2026-03-02 04:00:00,T04,6.3,82.4,1.0
2026-03-02 04:00:00,T05,12.28,1989.7,1.0
2026-03-02 05:00:00,T01,8.0,353.8,1.0
2026-03-02 05:00:00,T02,3.47,14.0,1.0
2026-03-02 05:00:00,T03,6.78,161.5,1.0
2026-03-02 05:00:00,T04,9.0,601.7,1.0
2026-03-02 05:00:00,T05,9.24,666.4,1.0
2026-03-02 06:00:00,T01,11.37,1659.5,1.0
2026-03-02 06:00:00,T02,9.66,827.2,1.0
2026-03-02 06:00:00,T03,6.74,138.5,1.0
2026-03-02 06:00:00,T04,5.49,26.3,1.0
2026-03-02 06:00:00,T05,4.86,36.5,1.0
2026-03-02 07:00:00,T01,6.86,147.4,1.0
2026-03-02 07:00:00,T02,8.14,348.5,1.0
2026-03-02 07:00:00,T03,7.31,190.7,1.0
2026-03-02 07:00:00,T04,8.14,355.2,1.0
2026-03-02 07:00:00,T05,10.01,948.5,1.0
2026-03-02 08:00:00,T01,7.5,237.3,1.0
2026-03-02 08:00:00,T02,6.36,79.3,1.0
2026-03-02 08:00:00,T03,8.82,543.2,1.0
2026-03-02 08:00:00,T04,7.44,250.4,1.0
2026-03-02 08:00:00,T05,6.32,138.5,1.0
2026-03-02 09:00:00,T01,8.31,389.7,1.0
2026-03-02 09:00:00,T02,11.37,1607.9,1.0
2026-03-02 09:00:00,T03,6.39,70.1,1.0
2026-03-02 09:00:00,T04,4.25,1.9,1.0
2026-03-02 09:00:00,T05,7.99,369.7,1.0
2026-03-02 10:00:00,T01,9.92,925.6,1.0
2026-03-02 10:00:00,T02,6.03,80.5,1.0
2026-03-02 10:00:00,T03,10.36,1070.0,1.0
2026-03-02 10:00:00,T04,5.96,22.7,1.0
2026-03-02 10:00:00,T05,6.92,161.9,1.0
2026-03-02 11:00:00,T01,11.27,1578.2,1.0
2026-03-02 11:00:00,T02,8.43,392.1,1.0
2026-03-02 11:00:00,T03,11.67,1772.0,1.0
2026-03-02 11:00:00,T04,7.82,270.9,1.0
2026-03-02 11:00:00,T05,9.38,706.5,1.0
2026-03-02 12:00:00,T01,8.78,526.4,1.0
2026-03-02 12:00:00,T02,4.97,16.4,1.0
2026-03-02 12:00:00,T03,10.2,1046.7,1.0
2026-03-02 12:00:00,T04,10.3,1040.0,1.0
2026-03-02 12:00:00,T05,11.21,1448.9,1.0
2026-03-02 13:00:00,T01,7.9,301.9,1.0
2026-03-02 13:00:00,T02,7.93,328.5,1.0
2026-03-02 13:00:00,T03,10.94,1364.6,1.0
2026-03-02 13:00:00,T04,10.96,1361.4,1.0
2026-03-02 13:00:00,T05,8.38,419.6,1.0
2026-03-02 14:00:00,T01,7.59,243.9,1.0
2026-03-02 14:00:00,T02,9.63,794.6,1.0
2026-03-02 14:00:00,T03,10.44,1117.5,1.0
2026-03-02 14:00:00,T04,12.04,2000.0,1.0
2026-03-02 14:00:00,T05,11.64,1734.9,1.0
2026-03-02 15:00:00,T01,9.3,701.2,1.0
2026-03-02 15:00:00,T02,8.62,467.5,1.0
2026-03-02 15:00:00,T03,8.93,619.6,1.0
2026-03-02 15:00:00,T04,10.97,1392.2,1.0
2026-03-02 15:00:00,T05,7.59,270.8,1.0
2026-03-02 16:00:00,T01,9.57,797.5,1.0
2026-03-02 16:00:00,T02,7.65,262.5,1.0
2026-03-02 16:00:00,T03,9.91,915.4,1.0
2026-03-02 16:00:00,T04,5.26,58.4,1.0
2026-03-02 16:00:00,T05,10.01,948.8,1.0
2026-03-02 17:00:00,T01,8.94,588.8,1.0
2026-03-02 17:00:00,T02,5.62,44.8,1.0
2026-03-02 17:00:00,T03,6.85,164.8,1.0
2026-03-02 17:00:00,T04,9.97,947.4,1.0
2026-03-02 17:00:00,T05,8.53,480.5,1.0
2026-03-02 18:00:00,T01,6.03,59.3,1.0
2026-03-02 18:00:00,T02,9.05,609.4,1.0
2026-03-02 18:00:00,T03,8.21,377.9,1.0
2026-03-02 18:00:00,T04,9.13,658.2,1.0
2026-03-02 18:00:00,T05,7.39,267.5,1.0
2026-03-02 19:00:00,T01,6.86,163.3,1.0
2026-03-02 19:00:00,T02,5.08,39.7,1.0
2026-03-02 19:00:00,T03,6.9,147.3,1.0
2026-03-02 19:00:00,T04,6.6,143.1,1.0
2026-03-02 19:00:00,T05,7.38,229.7,1.0
2026-03-02 20:00:00,T01,6.97,174.4,1.0
2026-03-02 20:00:00,T02,4.99,48.6,1.0
2026-03-02 20:00:00,T03,10.18,961.6,1.0
2026-03-02 20:00:00,T04,5.0,27.1,1.0
2026-03-02 20:00:00,T05,8.96,636.6,1.0
2026-03-02 21:00:00,T01,6.47,120.2,1.0
2026-03-02 21:00:00,T02,9.49,742.3,1.0
2026-03-02 21:00:00,T03,5.44,63.9,1.0
2026-03-02 21:00:00,T04,5.71,81.8,1.0
2026-03-02 21:00:00,T05,4.77,21.1,1.0
2026-03-02 22:00:00,T01,6.6,150.2,1.0
2026-03-02 22:00:00,T02,6.29,86.0,1.0
2026-03-02 22:00:00,T03,8.39,442.0,1.0
2026-03-02 22:00:00,T04,6.34,125.0,1.0
2026-03-02 22:00:00,T05,7.54,224.7,1.0
2026-03-02 23:00:00,T01,6.2,95.8,1.0
2026-03-02 23:00:00,T02,6.07,90.4,1.0
2026-03-02 23:00:00,T03,2.7,0.0,1.0
2026-03-02 23:00:00,T04,6.36,113.0,1.0
2026-03-02 23:00:00,T05,6.18,74.2,1.0
2026-03-03 00:00:00,T01,6.26,112.5,1.0
2026-03-03 00:00:00,T02,7.14,210.3,1.0
2026-03-03 00:00:00,T03,6.93,162.6,1.0
2026-03-03 00:00:00,T04,7.93,360.7,1.0
2026-03-03 00:00:00,T05,7.99,331.0,1.0
2026-03-03 01:00:00,T01,5.47,43.0,1.0
2026-03-03 01:00:00,T02,3.69,0.0,1.0
2026-03-03 01:00:00,T03,4.75,33.1,1.0
2026-03-03 01:00:00,T04,6.13,25.4,1.0
2026-03-03 01:00:00,T05,2.45,14.8,1.0
2026-03-03 02:00:00,T01,7.98,345.4,1.0
2026-03-03 02:00:00,T02,5.93,89.1,1.0
2026-03-03 02:00:00,T03,5.59,8.8,1.0
2026-03-03 02:00:00,T04,3.76,0.0,1.0
2026-03-03 02:00:00,T05,5.58,23.3,1.0
2026-03-03 03:00:00,T01,7.5,265.3,1.0
2026-03-03 03:00:00,T02,6.8,174.8,1.0
2026-03-03 03:00:00,T03,7.26,197.6,1.0
2026-03-03 03:00:00,T04,7.4,226.5,1.0
2026-03-03 03:00:00,T05,5.37,29.0,1.0
2026-03-03 04:00:00,T01,3.59,0.0,1.0
2026-03-03 04:00:00,T02,7.02,210.2,1.0
2026-03-03 04:00:00,T03,4.04,0.0,1.0
2026-03-03 04:00:00,T04,6.86,186.8,1.0
2026-03-03 04:00:00,T05,7.72,283.8,1.0
2026-03-03 05:00:00,T01,5.24,22.6,1.0
2026-03-03 05:00:00,T02,8.78,573.2,1.0
2026-03-03 05:00:00,T03,6.67,179.8,1.0
2026-03-03 05:00:00,T04,9.79,896.7,1.0
2026-03-03 05:00:00,T05,4.8,4.9,1.0
2026-03-03 06:00:00,T01,6.53,108.4,1.0
2026-03-03 06:00:00,T02,8.69,482.7,1.0
2026-03-03 06:00:00,T03,6.31,121.2,1.0
2026-03-03 06:00:00,T04,6.33,65.4,1.0
2026-03-03 06:00:00,T05,6.76,166.1,1.0
2026-03-03 07:00:00,T01,7.72,271.7,1.0
2026-03-03 07:00:00,T02,5.73,56.1,1.0
2026-03-03 07:00:00,T03,8.18,325.6,1.0
2026-03-03 07:00:00,T04,7.5,284.8,1.0
2026-03-03 07:00:00,T05,8.31,427.8,1.0
2026-03-03 08:00:00,T01,7.45,235.0,1.0
2026-03-03 08:00:00,T02,9.86,887.1,1.0
2026-03-03 08:00:00,T03,8.56,433.8,1.0
2026-03-03 08:00:00,T04,8.15,344.9,1.0
2026-03-03 08:00:00,T05,5.82,90.4,1.0
2026-03-03 09:00:00,T01,12.03,2000.0,1.0
2026-03-03 09:00:00,T02,5.95,68.3,1.0
2026-03-03 09:00:00,T03,5.67,48.7,1.0
2026-03-03 09:00:00,T04,8.53,434.9,1.0
2026-03-03 09:00:00,T05,7.48,237.6,1.0
2026-03-03 10:00:00,T01,6.63,109.1,1.0
2026-03-03 10:00:00,T02,10.69,1232.5,1.0
2026-03-03 10:00:00,T03,8.78,517.2,1.0
2026-03-03 10:00:00,T04,10.77,1279.6,1.0
2026-03-03 10:00:00,T05,11.43,1670.9,1.0
2026-03-03 11:00:00,T01,10.48,1174.2,1.0
2026-03-03 11:00:00,T02,8.34,381.8,1.0
2026-03-03 11:00:00,T03,8.09,327.8,1.0
2026-03-03 11:00:00,T04,10.38,1093.9,1.0
2026-03-03 11:00:00,T05,8.42,402.2,1.0
2026-03-03 12:00:00,T01,5.41,0.0,1.0
2026-03-03 12:00:00,T02,11.22,1527.0,1.0
2026-03-03 12:00:00,T03,11.91,1991.8,1.0
2026-03-03 12:00:00,T04,9.18,609.7,1.0
2026-03-03 12:00:00,T05,10.36,1058.4,1.0
2026-03-03 13:00:00,T01,7.51,243.0,1.0
2026-03-03 13:00:00,T02,5.94,50.5,1.0
2026-03-03 13:00:00,T03,9.95,927.1,1.0
2026-03-03 13:00:00,T04,6.18,104.9,1.0
2026-03-03 13:00:00,T05,12.66,1969.7,1.0
2026-03-03 14:00:00,T01,8.69,508.6,1.0
2026-03-03 14:00:00,T02,6.59,129.0,1.0
2026-03-03 14:00:00,T03,10.56,1196.2,1.0
2026-03-03 14:00:00,T04,7.45,259.0,1.0
2026-03-03 14:00:00,T05,8.05,354.6,1.0
2026-03-03 15:00:00,T01,9.24,681.0,1.0
2026-03-03 15:00:00,T02,7.52,233.5,1.0
2026-03-03 15:00:00,T03,3.86,0.0,1.0
2026-03-03 15:00:00,T04,8.71,538.4,1.0
2026-03-03 15:00:00,T05,8.72,544.8,1.0
2026-03-03 16:00:00,T01,8.92,586.7,1.0
2026-03-03 16:00:00,T02,8.71,482.2,1.0
2026-03-03 16:00:00,T03,12.57,2000.0,1.0
2026-03-03 16:00:00,T04,9.47,733.8,1.0
2026-03-03 16:00:00,T05,4.35,0.0,1.0
2026-03-03 17:00:00,T01,8.54,486.8,1.0
2026-03-03 17:00:00,T02,10.67,1244.3,1.0
2026-03-03 17:00:00,T03,9.69,812.7,1.0
2026-03-03 17:00:00,T04,4.84,16.0,1.0
2026-03-03 17:00:00,T05,4.75,2.8,1.0
2026-03-03 18:00:00,T01,6.04,68.5,1.0
2026-03-03 18:00:00,T02,8.87,557.5,1.0
2026-03-03 18:00:00,T03,4.76,7.9,1.0
2026-03-03 18:00:00,T04,9.14,633.2,1.0
2026-03-03 18:00:00,T05,6.68,131.8,1.0
2026-03-03 19:00:00,T01,7.85,301.9,1.0
2026-03-03 19:00:00,T02,6.55,137.0,1.0
2026-03-03 19:00:00,T03,7.97,352.6,1.0
2026-03-03 19:00:00,T04,4.18,46.7,1.0
2026-03-03 19:00:00,T05,5.24,45.4,1.0
2026-03-03 20:00:00,T01,8.02,368.0,1.0
2026-03-03 20:00:00,T02,8.22,445.1,1.0
2026-03-03 20:00:00,T03,8.41,393.2,1.0
2026-03-03 20:00:00,T04,4.93,0.0,1.0
2026-03-03 20:00:00,T05,8.31,398.0,1.0
2026-03-03 21:00:00,T01,6.54,117.1,1.0
2026-03-03 21:00:00,T02,9.31,694.7,1.0
2026-03-03 21:00:00,T03,3.31,40.0,1.0
2026-03-03 21:00:00,T04,7.17,175.1,1.0
2026-03-03 21:00:00,T05,8.8,520.8,1.0
2026-03-03 22:00:00,T01,3.1,0.0,1.0
2026-03-03 22:00:00,T02,3.83,13.7,1.0
2026-03-03 22:00:00,T03,9.05,612.1,1.0
2026-03-03 22:00:00,T04,4.89,18.6,1.0
2026-03-03 22:00:00,T05,6.05,44.3,1.0
2026-03-03 23:00:00,T01,3.59,0.0,1.0
2026-03-03 23:00:00,T02,5.93,42.2,1.0
2026-03-03 23:00:00,T03,6.49,148.3,1.0
2026-03-03 23:00:00,T04,6.79,121.8,1.0
2026-03-03 23:00:00,T05,7.06,169.6,1.0
2026-03-04 00:00:00,T01,4.31,0.0,1.0
2026-03-04 00:00:00,T02,8.07,325.7,1.0
2026-03-04 00:00:00,T03,4.31,0.0,1.0
2026-03-04 00:00:00,T04,8.24,387.7,1.0
2026-03-04 00:00:00,T05,5.92,97.9,1.0
2026-03-04 01:00:00,T01,7.49,261.2,1.0
2026-03-04 01:00:00,T02,5.11,65.5,1.0
2026-03-04 01:00:00,T03,5.79,36.3,1.0
2026-03-04 01:00:00,T04,7.38,227.4,1.0
2026-03-04 01:00:00,T05,5.86,66.7,1.0
2026-03-04 02:00:00,T01,6.59,130.8,1.0
2026-03-04 02:00:00,T02,7.75,271.9,1.0
2026-03-04 02:00:00,T03,5.22,0.9,1.0
2026-03-04 02:00:00,T04,3.37,0.0,1.0
2026-03-04 02:00:00,T05,2.89,0.0,1.0
2026-03-04 03:00:00,T01,7.17,216.6,1.0
2026-03-04 03:00:00,T02,5.11,0.0,1.0
2026-03-04 03:00:00,T03,7.98,344.9,1.0
2026-03-04 03:00:00,T04,4.26,7.1,1.0
2026-03-04 03:00:00,T05,6.41,139.4,1.0
2026-03-04 04:00:00,T01,6.48,104.5,1.0
2026-03-04 04:00:00,T02,4.65,11.3,1.0
2026-03-04 04:00:00,T03,6.28,98.7,1.0
2026-03-04 04:00:00,T04,5.14,42.5,1.0
2026-03-04 04:00:00,T05,8.87,540.4,1.0
2026-03-04 05:00:00,T01,8.4,436.0,1.0
2026-03-04 05:00:00,T02,9.77,849.4,1.0
2026-03-04 05:00:00,T03,8.33,404.1,1.0
2026-03-04 05:00:00,T04,7.37,223.3,1.0
2026-03-04 05:00:00,T05,2.43,35.5,1.0
2026-03-04 06:00:00,T01,7.77,313.1,1.0
2026-03-04 06:00:00,T02,4.51,0.0,1.0
2026-03-04 06:00:00,T03,10.64,1200.3,1.0
2026-03-04 06:00:00,T04,6.9,151.2,1.0
2026-03-04 06:00:00,T05,5.72,90.2,1.0
2026-03-04 07:00:00,T01,6.72,134.0,1.0
2026-03-04 07:00:00,T02,9.04,597.2,1.0
2026-03-04 07:00:00,T03,8.47,417.4,1.0
2026-03-04 07:00:00,T04,10.42,1117.9,1.0
2026-03-04 07:00:00,T05,9.31,691.9,1.0
2026-03-04 08:00:00,T01,9.59,795.9,1.0
2026-03-04 08:00:00,T02,13.39,2000.0,1.0
2026-03-04 08:00:00,T03,10.65,1228.4,1.0
2026-03-04 08:00:00,T04,9.94,916.4,1.0
2026-03-04 08:00:00,T05,8.44,404.1,1.0
2026-03-04 09:00:00,T01,7.62,254.5,1.0
2026-03-04 09:00:00,T02,8.54,446.2,1.0
2026-03-04 09:00:00,T03,6.25,82.2,1.0
2026-03-04 09:00:00,T04,10.76,1236.4,1.0
2026-03-04 09:00:00,T05,8.44,497.9,1.0
2026-03-04 10:00:00,T01,7.0,166.3,1.0
2026-03-04 10:00:00,T02,9.43,693.6,1.0
2026-03-04 10:00:00,T03,10.21,1010.1,1.0
2026-03-04 10:00:00,T04,7.65,287.5,1.0
2026-03-04 10:00:00,T05,6.57,134.5,1.0
2026-03-04 11:00:00,T01,7.76,285.7,1.0
2026-03-04 11:00:00,T02,6.37,128.5,1.0
2026-03-04 11:00:00,T03,7.69,321.8,1.0
2026-03-04 11:00:00,T04,7.92,315.5,1.0
2026-03-04 11:00:00,T05,11.42,1629.6,1.0
2026-03-04 12:00:00,T01,6.5,88.1,1.0
2026-03-04 12:00:00,T02,8.58,489.4,1.0
2026-03-04 12:00:00,T03,8.11,363.8,1.0
2026-03-04 12:00:00,T04,5.69,84.9,1.0
2026-03-04 12:00:00,T05,8.83,568.7,1.0
2026-03-04 13:00:00,T01,10.05,972.8,1.0
2026-03-04 13:00:00,T02,8.66,481.2,1.0
2026-03-04 13:00:00,T03,9.29,714.6,1.0
2026-03-04 13:00:00,T04,8.11,379.8,1.0
2026-03-04 13:00:00,T05,11.15,1500.5,1.0
2026-03-04 14:00:00,T01,8.2,373.7,1.0
2026-03-04 14:00:00,T02,13.05,1960.4,1.0
2026-03-04 14:00:00,T03,7.83,295.2,1.0
2026-03-04 14:00:00,T04,5.21,58.8,1.0
2026-03-04 14:00:00,T05,10.53,1205.2,1.0
2026-03-04 15:00:00,T01,10.13,996.7,1.0
2026-03-04 15:00:00,T02,8.98,567.0,1.0
2026-03-04 15:00:00,T03,10.29,1067.6,1.0
2026-03-04 15:00:00,T04,6.75,119.0,1.0
2026-03-04 15:00:00,T05,9.65,788.5,1.0
2026-03-04 16:00:00,T01,8.58,489.4,1.0
2026-03-04 16:00:00,T02,2.08,0.0,1.0
2026-03-04 16:00:00,T03,5.66,50.3,1.0
2026-03-04 16:00:00,T04,10.58,1184.2,1.0
2026-03-04 16:00:00,T05,8.95,586.6,1.0
2026-03-04 17:00:00,T01,10.19,1031.9,1.0
2026-03-04 17:00:00,T02,8.54,496.5,1.0
2026-03-04 17:00:00,T03,6.45,70.0,1.0
2026-03-04 17:00:00,T04,7.57,231.3,1.0
2026-03-04 17:00:00,T05,7.83,280.1,1.0
2026-03-04 18:00:00,T01,11.52,1714.6,1.0
2026-03-04 18:00:00,T02,10.19,992.7,1.0
2026-03-04 18:00:00,T03,7.61,305.1,1.0
2026-03-04 18:00:00,T04,7.05,164.3,1.0
2026-03-04 18:00:00,T05,6.81,168.0,1.0
2026-03-04 19:00:00,T01,6.4,105.8,1.0
2026-03-04 19:00:00,T02,4.76,13.0,1.0
2026-03-04 19:00:00,T03,9.15,634.7,1.0
2026-03-04 19:00:00,T04,6.33,132.9,1.0
2026-03-04 19:00:00,T05,3.02,0.0,1.0
2026-03-04 20:00:00,T01,4.97,10.3,1.0
2026-03-04 20:00:00,T02,2.6,16.9,1.0
2026-03-04 20:00:00,T03,5.08,43.4,1.0
2026-03-04 20:00:00,T04,6.5,154.5,1.0
2026-03-04 20:00:00,T05,8.05,359.6,1.0
2026-03-04 21:00:00,T01,5.72,53.3,1.0
2026-03-04 21:00:00,T02,3.76,0.0,1.0
2026-03-04 21:00:00,T03,8.23,373.9,1.0
2026-03-04 21:00:00,T04,6.1,52.8,1.0
2026-03-04 21:00:00,T05,9.12,625.0,1.0
2026-03-04 22:00:00,T01,3.07,0.0,1.0
2026-03-04 22:00:00,T02,8.19,408.3,1.0
2026-03-04 22:00:00,T03,6.62,126.4,1.0
2026-03-04 22:00:00,T04,7.75,282.3,1.0
2026-03-04 22:00:00,T05,3.92,0.0,1.0
2026-03-04 23:00:00,T01,3.33,0.0,1.0
2026-03-04 23:00:00,T02,4.56,0.0,1.0
2026-03-04 23:00:00,T03,9.53,741.6,1.0
2026-03-04 23:00:00,T04,4.6,9.3,1.0
2026-03-04 23:00:00,T05,6.47,93.2,1.0
2026-03-05 00:00:00,T01,3.59,0.0,1.0
2026-03-05 00:00:00,T02,6.32,109.1,1.0
2026-03-05 00:00:00,T03,4.75,45.7,1.0
2026-03-05 00:00:00,T04,4.87,32.6,1.0
2026-03-05 00:00:00,T05,5.8,79.7,1.0
2026-03-05 01:00:00,T01,4.46,0.0,1.0
2026-03-05 01:00:00,T02,1.9,6.2,1.0
2026-03-05 01:00:00,T03,5.2,37.1,1.0
2026-03-05 01:00:00,T04,5.11,0.0,1.0
2026-03-05 01:00:00,T05,5.49,79.7,1.0
2026-03-05 02:00:00,T01,6.74,154.0,1.0
2026-03-05 02:00:00,T02,5.44,66.7,1.0
2026-03-05 02:00:00,T03,6.27,105.0,1.0
2026-03-05 02:00:00,T04,5.22,0.0,1.0
2026-03-05 02:00:00,T05,5.58,33.3,1.0
2026-03-05 03:00:00,T01,4.79,0.0,1.0
2026-03-05 03:00:00,T02,9.74,853.7,1.0
2026-03-05 03:00:00,T03,4.7,47.6,1.0
2026-03-05 03:00:00,T04,12.14,2000.0,1.0
2026-03-05 03:00:00,T05,2.59,13.8,1.0
2026-03-05 04:00:00,T01,5.77,48.7,1.0
2026-03-05 04:00:00,T02,6.02,16.4,1.0
2026-03-05 04:00:00,T03,6.09,109.8,1.0
2026-03-05 04:00:00,T04,10.45,1083.8,1.0
2026-03-05 04:00:00,T05,9.23,674.6,1.0
2026-03-05 05:00:00,T01,8.6,514.2,1.0
2026-03-05 05:00:00,T02,4.68,0.0,1.0
2026-03-05 05:00:00,T03,7.09,206.4,1.0
2026-03-05 05:00:00,T04,10.46,1127.8,1.0
2026-03-05 05:00:00,T05,6.41,108.8,1.0
2026-03-05 06:00:00,T01,5.5,34.2,1.0
2026-03-05 06:00:00,T02,9.34,704.1,1.0
2026-03-05 06:00:00,T03,9.21,621.5,1.0
2026-03-05 06:00:00,T04,5.37,40.5,1.0
2026-03-05 06:00:00,T05,7.64,235.4,1.0
2026-03-05 07:00:00,T01,10.36,1113.9,1.0
2026-03-05 07:00:00,T02,9.71,822.3,1.0
2026-03-05 07:00:00,T03,7.98,322.0,1.0
2026-03-05 07:00:00,T04,4.79,26.2,1.0
2026-03-05 07:00:00,T05,10.37,1063.6,1.0
2026-03-05 08:00:00,T01,6.65,110.3,1.0
2026-03-05 08:00:00,T02,6.73,154.8,1.0
2026-03-05 08:00:00,T03,5.95,45.6,1.0
2026-03-05 08:00:00,T04,8.94,570.1,1.0
2026-03-05 08:00:00,T05,8.5,436.6,1.0
2026-03-05 09:00:00,T01,8.81,532.6,1.0
2026-03-05 09:00:00,T02,7.47,265.3,1.0
2026-03-05 09:00:00,T03,6.02,93.4,1.0
2026-03-05 09:00:00,T04,6.8,141.5,1.0
2026-03-05 09:00:00,T05,6.42,56.3,1.0
2026-03-05 10:00:00,T01,7.24,185.6,1.0
2026-03-05 10:00:00,T02,10.56,1201.3,1.0
2026-03-05 10:00:00,T03,7.08,190.9,1.0
2026-03-05 10:00:00,T04,9.05,630.0,1.0
2026-03-05 10:00:00,T05,10.72,1297.4,1.0
2026-03-05 11:00:00,T01,8.64,484.0,1.0
2026-03-05 11:00:00,T02,8.12,363.6,1.0
2026-03-05 11:00:00,T03,5.1,0.0,1.0
2026-03-05 11:00:00,T04,8.15,382.3,1.0
2026-03-05 11:00:00,T05,9.56,784.7,1.0
2026-03-05 12:00:00,T01,11.16,1510.4,1.0
2026-03-05 12:00:00,T02,9.16,595.5,1.0
2026-03-05 12:00:00,T03,6.04,72.0,1.0
2026-03-05 12:00:00,T04,10.29,1045.2,1.0
2026-03-05 12:00:00,T05,8.34,416.9,1.0
2026-03-05 13:00:00,T01,5.28,0.0,1.0
2026-03-05 13:00:00,T02,11.93,1944.8,1.0
2026-03-05 13:00:00,T03,11.61,1715.1,1.0
2026-03-05 13:00:00,T04,8.24,394.7,1.0
2026-03-05 13:00:00,T05,7.33,168.2,1.0
2026-03-05 14:00:00,T01,9.46,752.1,1.0
2026-03-05 14:00:00,T02,8.09,371.5,1.0
2026-03-05 14:00:00,T03,7.91,322.7,1.0
2026-03-05 14:00:00,T04,7.28,224.4,1.0
2026-03-05 14:00:00,T05,10.03,908.1,1.0
2026-03-05 15:00:00,T01,8.09,368.5,1.0
2026-03-05 15:00:00,T02,7.45,214.6,1.0
2026-03-05 15:00:00,T03,10.63,1178.1,1.0
2026-03-05 15:00:00,T04,15.31,2000.0,1.0
2026-03-05 15:00:00,T05,7.61,269.3,1.0
2026-03-05 16:00:00,T01,8.88,544.3,1.0
2026-03-05 16:00:00,T02,3.58,16.3,1.0
2026-03-05 16:00:00,T03,7.46,256.8,1.0
2026-03-05 16:00:00,T04,8.38,447.9,1.0
2026-03-05 16:00:00,T05,6.58,174.6,1.0
2026-03-05 17:00:00,T01,6.55,86.4,1.0
2026-03-05 17:00:00,T02,7.85,335.5,1.0
2026-03-05 17:00:00,T03,7.06,193.2,1.0
2026-03-05 17:00:00,T04,6.43,141.1,1.0
2026-03-05 17:00:00,T05,8.26,380.8,1.0
2026-03-05 18:00:00,T01,7.69,284.7,1.0
2026-03-05 18:00:00,T02,7.51,254.9,1.0
2026-03-05 18:00:00,T03,4.5,56.9,1.0
2026-03-05 18:00:00,T04,6.29,82.5,1.0
2026-03-05 18:00:00,T05,8.31,432.0,1.0
2026-03-05 19:00:00,T01,7.31,206.6,1.0
2026-03-05 19:00:00,T02,6.05,1.3,1.0
2026-03-05 19:00:00,T03,8.98,606.8,1.0
2026-03-05 19:00:00,T04,9.08,602.4,1.0
2026-03-05 19:00:00,T05,8.74,507.7,1.0
2026-03-05 20:00:00,T01,7.55,263.8,1.0
2026-03-05 20:00:00,T02,8.07,324.7,1.0
2026-03-05 20:00:00,T03,4.88,7.7,1.0
2026-03-05 20:00:00,T04,6.28,91.3,1.0
2026-03-05 20:00:00,T05,4.52,11.1,1.0
2026-03-05 21:00:00,T01,5.27,32.8,1.0
2026-03-05 21:00:00,T02,5.08,71.9,1.0
2026-03-05 21:00:00,T03,10.26,1071.0,1.0
2026-03-05 21:00:00,T04,12.96,1996.4,1.0
2026-03-05 21:00:00,T05,4.45,38.7,1.0
2026-03-05 22:00:00,T01,9.62,837.0,1.0
2026-03-05 22:00:00,T02,4.75,1.0,1.0
2026-03-05 22:00:00,T03,4.08,0.0,1.0
2026-03-05 22:00:00,T04,2.59,0.0,1.0
2026-03-05 22:00:00,T05,7.73,282.5,1.0
2026-03-05 23:00:00,T01,6.2,83.6,1.0
2026-03-05 23:00:00,T02,5.34,0.0,1.0
2026-03-05 23:00:00,T03,7.98,314.4,1.0
2026-03-05 23:00:00,T04,6.5,149.5,1.0
2026-03-05 23:00:00,T05,3.63,0.0,1.0
2026-03-06 00:00:00,T01,3.92,0.0,1.0
2026-03-06 00:00:00,T02,5.17,58.9,1.0
2026-03-06 00:00:00,T03,7.79,309.8,1.0
2026-03-06 00:00:00,T04,6.55,145.2,1.0
2026-03-06 00:00:00,T05,4.07,38.8,1.0
2026-03-06 01:00:00,T01,6.27,100.4,1.0
2026-03-06 01:00:00,T02,2.64,0.3,1.0
2026-03-06 01:00:00,T03,3.51,0.0,1.0
2026-03-06 01:00:00,T04,7.5,243.1,1.0
2026-03-06 01:00:00,T05,6.83,155.8,1.0
2026-03-06 02:00:00,T01,6.36,109.1,1.0
2026-03-06 02:00:00,T02,3.95,30.0,1.0
2026-03-06 02:00:00,T03,7.38,229.5,1.0
2026-03-06 02:00:00,T04,9.08,633.3,1.0
2026-03-06 02:00:00,T05,8.91,592.6,1.0
2026-03-06 03:00:00,T01,9.01,629.7,1.0
2026-03-06 03:00:00,T02,4.68,19.9,1.0
2026-03-06 03:00:00,T03,4.21,0.0,1.0
2026-03-06 03:00:00,T04,6.58,131.1,1.0
2026-03-06 03:00:00,T05,6.77,129.5,1.0
2026-03-06 04:00:00,T01,7.59,286.7,1.0
2026-03-06 04:00:00,T02,6.3,109.7,1.0
2026-03-06 04:00:00,T03,5.61,51.3,1.0
2026-03-06 04:00:00,T04,6.79,167.2,1.0
2026-03-06 04:00:00,T05,6.89,196.8,1.0
2026-03-06 05:00:00,T01,8.57,483.9,1.0
2026-03-06 05:00:00,T02,5.7,63.2,1.0
2026-03-06 05:00:00,T03,6.78,120.7,1.0
2026-03-06 05:00:00,T04,5.3,0.0,1.0
2026-03-06 05:00:00,T05,6.73,148.9,1.0
2026-03-06 06:00:00,T01,10.16,1044.4,1.0
2026-03-06 06:00:00,T02,9.7,843.5,1.0
2026-03-06 06:00:00,T03,9.34,710.6,1.0
2026-03-06 06:00:00,T04,7.43,235.5,1.0
2026-03-06 06:00:00,T05,7.22,216.6,1.0
2026-03-06 07:00:00,T01,5.33,5.2,1.0
2026-03-06 07:00:00,T02,3.25,57.0,1.0
2026-03-06 07:00:00,T03,9.58,782.7,1.0
2026-03-06 07:00:00,T04,6.73,140.6,1.0
2026-03-06 07:00:00,T05,7.11,193.6,1.0
2026-03-06 08:00:00,T01,6.36,87.7,1.0
2026-03-06 08:00:00,T02,8.19,407.5,1.0
2026-03-06 08:00:00,T03,7.56,295.6,1.0
2026-03-06 08:00:00,T04,5.01,37.9,1.0
2026-03-06 08:00:00,T05,8.51,446.8,1.0
2026-03-06 09:00:00,T01,7.04,157.8,1.0
2026-03-06 09:00:00,T02,6.6,88.6,1.0
2026-03-06 09:00:00,T03,9.86,886.1,1.0
2026-03-06 09:00:00,T04,10.64,1206.3,1.0
2026-03-06 09:00:00,T05,7.74,292.9,1.0
2026-03-06 10:00:00,T01,7.89,310.6,1.0
2026-03-06 10:00:00,T02,11.31,1584.9,1.0
2026-03-06 10:00:00,T03,9.71,810.7,1.0
2026-03-06 10:00:00,T04,7.44,177.6,1.0
2026-03-06 10:00:00,T05,9.28,667.5,1.0
2026-03-06 11:00:00,T01,7.74,257.5,1.0
2026-03-06 11:00:00,T02,11.37,1638.5,1.0
2026-03-06 11:00:00,T03,8.73,509.3,1.0
2026-03-06 11:00:00,T04,7.79,274.0,1.0
2026-03-06 11:00:00,T05,10.48,1171.3,1.0
2026-03-06 12:00:00,T01,10.84,1336.7,1.0
2026-03-06 12:00:00,T02,9.65,835.5,1.0
2026-03-06 12:00:00,T03,6.32,67.1,1.0
2026-03-06 12:00:00,T04,11.65,1771.1,1.0
2026-03-06 12:00:00,T05,11.33,1583.3,1.0
2026-03-06 13:00:00,T01,9.82,864.4,1.0
2026-03-06 13:00:00,T02,8.7,497.1,1.0
2026-03-06 13:00:00,T03,8.44,453.0,1.0
2026-03-06 13:00:00,T04,10.41,1118.6,1.0
2026-03-06 13:00:00,T05,9.86,849.1,1.0
2026-03-06 14:00:00,T01,5.68,16.2,1.0
2026-03-06 14:00:00,T02,9.07,642.7,1.0
2026-03-06 14:00:00,T03,14.73,2000.0,1.0
2026-03-06 14:00:00,T04,9.11,668.3,1.0
2026-03-06 14:00:00,T05,8.26,358.0,1.0
2026-03-06 15:00:00,T01,7.07,159.8,1.0
2026-03-06 15:00:00,T02,5.26,55.0,1.0
2026-03-06 15:00:00,T03,6.92,227.6,1.0
2026-03-06 15:00:00,T04,10.82,1328.6,1.0
2026-03-06 15:00:00,T05,7.5,206.1,1.0
2026-03-06 16:00:00,T01,8.36,429.3,1.0
2026-03-06 16:00:00,T02,9.13,696.6,1.0
2026-03-06 16:00:00,T03,7.18,185.4,1.0
2026-03-06 16:00:00,T04,8.34,419.0,1.0
2026-03-06 16:00:00,T05,11.9,1952.5,1.0
2026-03-06 17:00:00,T01,10.7,1272.3,1.0
2026-03-06 17:00:00,T02,10.49,1134.2,1.0
2026-03-06 17:00:00,T03,5.75,50.3,1.0
2026-03-06 17:00:00,T04,7.93,328.4,1.0
2026-03-06 17:00:00,T05,10.3,1039.5,1.0
2026-03-06 18:00:00,T01,10.38,1151.9,1.0
2026-03-06 18:00:00,T02,7.03,166.7,1.0
2026-03-06 18:00:00,T03,9.31,674.8,1.0
2026-03-06 18:00:00,T04,9.17,670.5,1.0
2026-03-06 18:00:00,T05,9.52,769.2,1.0
2026-03-06 19:00:00,T01,11.7,1878.9,1.0
2026-03-06 19:00:00,T02,8.29,398.9,1.0
2026-03-06 19:00:00,T03,10.27,1057.7,1.0
2026-03-06 19:00:00,T04,11.05,1413.9,1.0
2026-03-06 19:00:00,T05,8.54,469.8,1.0
2026-03-06 20:00:00,T01,8.62,496.9,1.0
2026-03-06 20:00:00,T02,7.57,248.9,1.0
2026-03-06 20:00:00,T03,10.09,986.2,1.0
2026-03-06 20:00:00,T04,9.1,619.7,1.0
2026-03-06 20:00:00,T05,4.28,4.2,1.0
2026-03-06 21:00:00,T01,6.59,102.7,1.0
2026-03-06 21:00:00,T02,5.09,2.7,1.0
2026-03-06 21:00:00,T03,10.37,1095.8,1.0
2026-03-06 21:00:00,T04,2.21,0.0,1.0
2026-03-06 21:00:00,T05,7.02,189.2,1.0
2026-03-06 22:00:00,T01,3.77,0.0,1.0
2026-03-06 22:00:00,T02,4.58,0.0,1.0
2026-03-06 22:00:00,T03,6.78,175.0,1.0
2026-03-06 22:00:00,T04,10.78,1325.3,1.0
2026-03-06 22:00:00,T05,13.14,2000.0,1.0
2026-03-06 23:00:00,T01,5.84,69.7,1.0
2026-03-06 23:00:00,T02,8.65,483.5,1.0
2026-03-06 23:00:00,T03,8.78,513.5,1.0
2026-03-06 23:00:00,T04,7.93,338.7,1.0
2026-03-06 23:00:00,T05,4.74,0.0,1.0
2026-03-07 00:00:00,T01,5.03,2.7,1.0
2026-03-07 00:00:00,T02,9.07,621.5,1.0
2026-03-07 00:00:00,T03,5.29,57.7,1.0
2026-03-07 00:00:00,T04,5.62,31.4,1.0
2026-03-07 00:00:00,T05,5.12,18.0,1.0
2026-03-07 01:00:00,T01,5.15,16.7,1.0
2026-03-07 01:00:00,T02,3.59,0.0,1.0
2026-03-07 01:00:00,T03,11.1,1470.2,1.0
2026-03-07 01:00:00,T04,7.57,258.6,1.0
2026-03-07 01:00:00,T05,6.35,113.4,1.0
2026-03-07 02:00:00,T01,5.16,12.3,1.0
2026-03-07 02:00:00,T02,8.06,403.8,1.0
2026-03-07 02:00:00,T03,8.69,505.0,1.0
2026-03-07 02:00:00,T04,2.29,12.7,1.0
2026-03-07 02:00:00,T05,2.01,41.0,1.0
2026-03-07 03:00:00,T01,5.62,45.6,1.0
2026-03-07 03:00:00,T02,4.5,9.7,1.0
2026-03-07 03:00:00,T03,4.97,13.1,1.0
2026-03-07 03:00:00,T04,8.61,478.5,1.0
2026-03-07 03:00:00,T05,6.62,172.4,1.0
2026-03-07 04:00:00,T01,8.62,512.8,1.0
2026-03-07 04:00:00,T02,4.91,51.3,1.0
2026-03-07 04:00:00,T03,12.59,2000.0,1.0
2026-03-07 04:00:00,T04,9.44,718.8,1.0
2026-03-07 04:00:00,T05,6.6,94.0,1.0
2026-03-07 05:00:00,T01,7.32,225.6,1.0
2026-03-07 05:00:00,T02,6.37,111.2,1.0
2026-03-07 05:00:00,T03,5.1,4.8,1.0
2026-03-07 05:00:00,T04,6.46,97.2,1.0
2026-03-07 05:00:00,T05,5.82,53.0,1.0
2026-03-07 06:00:00,T01,6.02,71.7,1.0
2026-03-07 06:00:00,T02,4.99,42.4,1.0
2026-03-07 06:00:00,T03,4.22,12.4,1.0
2026-03-07 06:00:00,T04,3.11,8.5,1.0
2026-03-07 06:00:00,T05,10.52,1126.8,1.0
2026-03-07 07:00:00,T01,6.83,127.8,1.0
2026-03-07 07:00:00,T02,7.0,183.1,1.0
2026-03-07 07:00:00,T03,4.46,0.0,1.0
2026-03-07 07:00:00,T04,7.22,197.8,1.0
2026-03-07 07:00:00,T05,6.29,135.8,1.0
2026-03-07 08:00:00,T01,4.6,0.0,1.0
2026-03-07 08:00:00,T02,11.41,1663.9,1.0
2026-03-07 08:00:00,T03,5.53,89.3,1.0
2026-03-07 08:00:00,T04,6.91,153.0,1.0
2026-03-07 08:00:00,T05,8.16,403.3,1.0
2026-03-07 09:00:00,T01,9.16,629.6,1.0
2026-03-07 09:00:00,T02,10.0,942.4,1.0
2026-03-07 09:00:00,T03,5.56,68.3,1.0
2026-03-07 09:00:00,T04,11.81,1840.5,1.0
2026-03-07 09:00:00,T05,7.62,279.2,1.0
2026-03-07 10:00:00,T01,8.68,500.8,1.0
2026-03-07 10:00:00,T02,7.33,234.6,1.0
2026-03-07 10:00:00,T03,9.05,590.0,1.0
2026-03-07 10:00:00,T04,10.6,1204.6,1.0
2026-03-07 10:00:00,T05,9.22,663.7,1.0
2026-03-07 11:00:00,T01,11.38,1660.4,1.0
2026-03-07 11:00:00,T02,12.14,2000.0,1.0
2026-03-07 11:00:00,T03,12.45,2000.0,1.0
2026-03-07 11:00:00,T04,12.33,1995.5,1.0
2026-03-07 11:00:00,T05,12.01,2000.0,1.0
2026-03-07 12:00:00,T01,8.9,566.6,1.0
2026-03-07 12:00:00,T02,9.46,734.1,1.0
2026-03-07 12:00:00,T03,8.25,403.6,1.0
2026-03-07 12:00:00,T04,9.1,614.4,1.0
2026-03-07 12:00:00,T05,5.88,96.1,1.0
2026-03-07 13:00:00,T01,10.35,1114.5,1.0
2026-03-07 13:00:00,T02,10.98,1404.6,1.0
2026-03-07 13:00:00,T03,8.52,449.5,1.0
2026-03-07 13:00:00,T04,10.28,1062.4,1.0
2026-03-07 13:00:00,T05,11.52,1725.0,1.0
2026-03-07 14:00:00,T01,8.33,403.7,1.0
2026-03-07 14:00:00,T02,7.51,307.2,1.0
2026-03-07 14:00:00,T03,10.59,1217.1,1.0
2026-03-07 14:00:00,T04,9.63,819.0,1.0
2026-03-07 14:00:00,T05,7.09,199.4,1.0
2026-03-07 15:00:00,T01,6.52,89.8,1.0
2026-03-07 15:00:00,T02,13.14,1993.2,1.0
2026-03-07 15:00:00,T03,7.78,308.7,1.0
2026-03-07 15:00:00,T04,6.72,158.8,1.0
2026-03-07 15:00:00,T05,8.65,485.3,1.0
2026-03-07 16:00:00,T01,6.71,115.7,1.0
2026-03-07 16:00:00,T02,8.38,438.3,1.0
2026-03-07 16:00:00,T03,8.66,504.0,1.0
2026-03-07 16:00:00,T04,8.94,589.8,1.0
2026-03-07 16:00:00,T05,11.14,1497.3,1.0
2026-03-07 17:00:00,T01,6.49,98.7,1.0
2026-03-07 17:00:00,T02,6.51,149.8,1.0
2026-03-07 17:00:00,T03,7.71,286.4,1.0
2026-03-07 17:00:00,T04,13.24,1994.0,1.0
2026-03-07 17:00:00,T05,9.94,937.9,1.0
2026-03-07 18:00:00,T01,11.34,1647.4,1.0
2026-03-07 18:00:00,T02,4.66,41.0,1.0
2026-03-07 18:00:00,T03,7.87,326.9,1.0
2026-03-07 18:00:00,T04,6.34,87.9,1.0
2026-03-07 18:00:00,T05,5.38,32.3,1.0
2026-03-07 19:00:00,T01,5.92,47.6,1.0
2026-03-07 19:00:00,T02,8.7,509.2,1.0
2026-03-07 19:00:00,T03,6.39,112.7,1.0
2026-03-07 19:00:00,T04,8.11,339.4,1.0
2026-03-07 19:00:00,T05,11.17,1487.9,1.0
2026-03-07 20:00:00,T01,8.59,501.3,1.0
2026-03-07 20:00:00,T02,8.14,313.4,1.0
2026-03-07 20:00:00,T03,6.54,122.9,1.0
2026-03-07 20:00:00,T04,6.14,70.5,1.0
2026-03-07 20:00:00,T05,9.47,772.8,1.0
2026-03-07 21:00:00,T01,5.29,10.4,1.0
2026-03-07 21:00:00,T02,8.87,567.1,1.0
2026-03-07 21:00:00,T03,7.93,312.5,1.0
2026-03-07 21:00:00,T04,7.54,257.1,1.0
2026-03-07 21:00:00,T05,9.21,697.7,1.0
2026-03-07 22:00:00,T01,8.08,383.7,1.0
2026-03-07 22:00:00,T02,7.58,207.6,1.0
2026-03-07 22:00:00,T03,4.81,58.7,1.0
2026-03-07 22:00:00,T04,4.2,0.0,1.0
2026-03-07 22:00:00,T05,3.86,0.0,1.0
2026-03-07 23:00:00,T01,7.57,271.1,1.0
2026-03-07 23:00:00,T02,3.94,39.0,1.0
2026-03-07 23:00:00,T03,5.45,14.1,1.0
2026-03-07 23:00:00,T04,8.47,452.0,1.0
2026-03-07 23:00:00,T05,5.88,58.9,1.0
2026-03-08 00:00:00,T01,5.02,18.7,1.0
2026-03-08 00:00:00,T02,4.96,25.0,1.0
2026-03-08 00:00:00,T03,5.54,55.6,1.0
2026-03-08 00:00:00,T04,6.26,71.1,1.0
2026-03-08 00:00:00,T05,5.4,46.7,1.0
2026-03-08 01:00:00,T01,5.76,56.8,1.0
2026-03-08 01:00:00,T02,2.97,25.0,1.0
2026-03-08 01:00:00,T03,6.19,81.3,1.0
2026-03-08 01:00:00,T04,5.97,30.5,1.0
2026-03-08 01:00:00,T05,6.63,143.9,1.0
2026-03-08 02:00:00,T01,5.92,52.2,1.0
2026-03-08 02:00:00,T02,5.13,3.9,1.0
2026-03-08 02:00:00,T03,6.87,203.0,1.0
2026-03-08 02:00:00,T04,4.8,36.6,1.0
2026-03-08 02:00:00,T05,8.91,554.5,1.0
2026-03-08 03:00:00,T01,6.88,171.4,1.0
2026-03-08 03:00:00,T02,6.47,76.3,1.0
2026-03-08 03:00:00,T03,6.41,86.2,1.0
2026-03-08 03:00:00,T04,7.15,184.2,1.0
2026-03-08 03:00:00,T05,5.77,105.5,1.0
2026-03-08 04:00:00,T01,5.29,21.6,1.0
2026-03-08 04:00:00,T02,2.31,6.5,1.0
2026-03-08 04:00:00,T03,6.05,59.3,1.0
2026-03-08 04:00:00,T04,4.49,0.0,1.0
2026-03-08 04:00:00,T05,9.54,778.8,1.0
2026-03-08 05:00:00,T01,5.43,8.7,1.0
2026-03-08 05:00:00,T02,10.58,1191.9,1.0
2026-03-08 05:00:00,T03,5.11,1.7,1.0
2026-03-08 05:00:00,T04,8.64,464.3,1.0
2026-03-08 05:00:00,T05,9.08,630.8,1.0
2026-03-08 06:00:00,T01,6.03,44.3,1.0
2026-03-08 06:00:00,T02,9.63,786.1,1.0
2026-03-08 06:00:00,T03,9.88,903.3,1.0
2026-03-08 06:00:00,T04,8.6,492.5,1.0
2026-03-08 06:00:00,T05,6.85,200.5,1.0
2026-03-08 07:00:00,T01,10.79,1302.4,1.0
2026-03-08 07:00:00,T02,5.77,60.5,1.0
2026-03-08 07:00:00,T03,6.12,48.7,1.0
2026-03-08 07:00:00,T04,7.9,356.6,1.0
2026-03-08 07:00:00,T05,6.93,155.7,1.0
2026-03-08 08:00:00,T01,12.65,2000.0,1.0
2026-03-08 08:00:00,T02,10.05,1031.4,1.0
2026-03-08 08:00:00,T03,14.31,1988.0,1.0
2026-03-08 08:00:00,T04,10.11,974.2,1.0
2026-03-08 08:00:00,T05,3.78,0.0,1.0
2026-03-08 09:00:00,T01,8.38,430.6,1.0
2026-03-08 09:00:00,T02,8.82,561.3,1.0
2026-03-08 09:00:00,T03,10.62,1158.7,1.0
2026-03-08 09:00:00,T04,11.75,1831.6,1.0
2026-03-08 09:00:00,T05,6.08,49.0,1.0
2026-03-08 10:00:00,T01,7.45,238.8,1.0
2026-03-08 10:00:00,T02,8.39,456.7,1.0
2026-03-08 10:00:00,T03,8.29,413.1,1.0
2026-03-08 10:00:00,T04,9.28,706.0,1.0
2026-03-08 10:00:00,T05,10.58,1190.4,1.0
2026-03-08 11:00:00,T01,11.06,1444.0,1.0
2026-03-08 11:00:00,T02,10.42,1142.8,1.0
2026-03-08 11:00:00,T03,10.07,956.0,1.0
2026-03-08 11:00:00,T04,7.78,253.5,1.0
2026-03-08 11:00:00,T05,3.9,0.0,1.0
2026-03-08 12:00:00,T01,10.91,1389.5,1.0
2026-03-08 12:00:00,T02,7.96,372.5,1.0
2026-03-08 12:00:00,T03,13.2,1962.8,1.0
2026-03-08 12:00:00,T04,7.81,355.3,1.0
2026-03-08 12:00:00,T05,7.92,345.1,1.0
2026-03-08 13:00:00,T01,10.65,1235.0,1.0
2026-03-08 13:00:00,T02,10.09,974.1,1.0
2026-03-08 13:00:00,T03,12.3,2000.0,1.0
2026-03-08 13:00:00,T04,10.02,1011.2,1.0
2026-03-08 13:00:00,T05,8.57,483.5,1.0
2026-03-08 14:00:00,T01,7.88,308.0,1.0
2026-03-08 14:00:00,T02,9.1,572.1,1.0
2026-03-08 14:00:00,T03,8.59,447.1,1.0
2026-03-08 14:00:00,T04,8.74,452.1,1.0
2026-03-08 14:00:00,T05,8.56,465.8,1.0
2026-03-08 15:00:00,T01,10.1,1009.3,1.0
2026-03-08 15:00:00,T02,9.89,892.5,1.0
2026-03-08 15:00:00,T03,9.44,753.5,1.0
2026-03-08 15:00:00,T04,11.57,1723.0,1.0
2026-03-08 15:00:00,T05,11.86,1908.4,1.0
2026-03-08 16:00:00,T01,9.26,684.6,1.0
2026-03-08 16:00:00,T02,8.45,463.7,1.0
2026-03-08 16:00:00,T03,10.28,1039.9,1.0
2026-03-08 16:00:00,T04,10.29,1045.9,1.0
2026-03-08 16:00:00,T05,9.01,614.9,1.0
2026-03-08 17:00:00,T01,13.12,2000.0,1.0
2026-03-08 17:00:00,T02,8.55,445.7,1.0
2026-03-08 17:00:00,T03,8.53,504.4,1.0
2026-03-08 17:00:00,T04,5.52,37.2,1.0
2026-03-08 17:00:00,T05,4.76,0.0,1.0
2026-03-08 18:00:00,T01,7.65,280.0,1.0
2026-03-08 18:00:00,T02,9.28,674.6,1.0
2026-03-08 18:00:00,T03,5.66,70.4,1.0
2026-03-08 18:00:00,T04,6.82,142.1,1.0
2026-03-08 18:00:00,T05,6.42,115.0,1.0
2026-03-08 19:00:00,T01,3.73,0.0,1.0
2026-03-08 19:00:00,T02,7.65,257.7,1.0
2026-03-08 19:00:00,T03,7.54,232.1,1.0
2026-03-08 19:00:00,T04,7.61,288.5,1.0
2026-03-08 19:00:00,T05,6.86,175.4,1.0
2026-03-08 20:00:00,T01,4.77,0.0,1.0
2026-03-08 20:00:00,T02,4.62,49.2,1.0
2026-03-08 20:00:00,T03,2.36,0.0,1.0
2026-03-08 20:00:00,T04,7.09,184.6,1.0
2026-03-08 20:00:00,T05,7.79,256.8,1.0
2026-03-08 21:00:00,T01,10.11,1026.7,1.0
2026-03-08 21:00:00,T02,4.95,39.0,1.0
2026-03-08 21:00:00,T03,4.32,21.5,1.0
2026-03-08 21:00:00,T04,7.47,222.1,1.0
2026-03-08 21:00:00,T05,9.07,630.3,1.0
2026-03-08 22:00:00,T01,10.28,1101.4,1.0
2026-03-08 22:00:00,T02,9.0,609.1,1.0
2026-03-08 22:00:00,T03,8.54,459.1,1.0
2026-03-08 22:00:00,T04,4.34,2.4,1.0
2026-03-08 22:00:00,T05,6.44,70.2,1.0
2026-03-08 23:00:00,T01,5.62,44.7,1.0
2026-03-08 23:00:00,T02,9.27,690.3,1.0
2026-03-08 23:00:00,T03,5.87,60.4,1.0
2026-03-08 23:00:00,T04,5.09,37.8,1.0
2026-03-08 23:00:00,T05,8.37,421.7,1.0
2026-03-09 00:00:00,T01,5.13,17.1,1.0
2026-03-09 00:00:00,T02,7.26,211.6,1.0
2026-03-09 00:00:00,T03,6.63,163.1,1.0
2026-03-09 00:00:00,T04,5.14,0.0,1.0
2026-03-09 00:00:00,T05,6.16,57.8,1.0
2026-03-09 01:00:00,T01,8.18,417.1,1.0
2026-03-09 01:00:00,T02,5.13,31.5,1.0
2026-03-09 01:00:00,T03,3.46,0.0,1.0
2026-03-09 01:00:00,T04,8.81,497.0,1.0
2026-03-09 01:00:00,T05,6.87,195.4,1.0
2026-03-09 02:00:00,T01,3.77,0.0,1.0
2026-03-09 02:00:00,T02,7.4,204.8,1.0
2026-03-09 02:00:00,T03,4.51,11.8,1.0
2026-03-09 02:00:00,T04,3.69,50.7,1.0
2026-03-09 02:00:00,T05,6.56,95.3,1.0
2026-03-09 03:00:00,T01,4.12,0.0,1.0
2026-03-09 03:00:00,T02,9.07,558.7,1.0
2026-03-09 03:00:00,T03,6.9,186.1,1.0
2026-03-09 03:00:00,T04,5.61,32.9,1.0
2026-03-09 03:00:00,T05,4.82,0.0,1.0
2026-03-09 04:00:00,T01,7.38,246.9,1.0
2026-03-09 04:00:00,T02,3.22,3.8,1.0
2026-03-09 04:00:00,T03,4.96,40.8,1.0
2026-03-09 04:00:00,T04,8.74,515.0,1.0
2026-03-09 04:00:00,T05,7.77,301.3,1.0
2026-03-09 05:00:00,T01,6.93,156.4,1.0
2026-03-09 05:00:00,T02,8.36,429.6,1.0
2026-03-09 05:00:00,T03,3.9,0.0,1.0
2026-03-09 05:00:00,T04,7.87,307.7,1.0
2026-03-09 05:00:00,T05,8.14,361.9,1.0
2026-03-09 06:00:00,T01,7.39,231.7,1.0
2026-03-09 06:00:00,T02,5.6,78.5,1.0
2026-03-09 06:00:00,T03,9.61,783.9,1.0
2026-03-09 06:00:00,T04,7.14,207.9,1.0
2026-03-09 06:00:00,T05,7.15,158.0,1.0
2026-03-09 07:00:00,T01,7.99,337.3,1.0
2026-03-09 07:00:00,T02,6.84,194.3,1.0
2026-03-09 07:00:00,T03,11.34,1550.0,1.0
2026-03-09 07:00:00,T04,7.67,323.7,1.0
2026-03-09 07:00:00,T05,8.68,516.2,1.0
2026-03-09 08:00:00,T01,9.18,656.6,1.0
2026-03-09 08:00:00,T02,8.49,493.6,1.0
2026-03-09 08:00:00,T03,9.01,570.1,1.0
2026-03-09 08:00:00,T04,4.58,25.3,1.0
2026-03-09 08:00:00,T05,7.38,180.4,1.0
2026-03-09 09:00:00,T01,10.28,1092.4,1.0
2026-03-09 09:00:00,T02,12.4,1975.0,1.0
2026-03-09 09:00:00,T03,11.12,1477.4,1.0
2026-03-09 09:00:00,T04,9.49,710.4,1.0
2026-03-09 09:00:00,T05,9.35,675.2,1.0
2026-03-09 10:00:00,T01,8.66,499.1,1.0
2026-03-09 10:00:00,T02,4.9,9.9,1.0
2026-03-09 10:00:00,T03,6.41,105.3,1.0
2026-03-09 10:00:00,T04,9.6,753.1,1.0
2026-03-09 10:00:00,T05,10.57,1177.6,1.0
2026-03-09 11:00:00,T01,9.11,640.6,1.0
2026-03-09 11:00:00,T02,8.61,496.5,1.0
2026-03-09 11:00:00,T03,10.67,1237.8,1.0
2026-03-09 11:00:00,T04,7.68,271.6,1.0
2026-03-09 11:00:00,T05,7.52,274.2,1.0
2026-03-09 12:00:00,T01,5.46,0.0,1.0
2026-03-09 12:00:00,T02,9.66,874.4,1.0
2026-03-09 12:00:00,T03,7.02,203.6,1.0
2026-03-09 12:00:00,T04,7.42,229.8,1.0
2026-03-09 12:00:00,T05,7.9,354.8,1.0
2026-03-09 13:00:00,T01,8.8,533.5,1.0
2026-03-09 13:00:00,T02,9.21,692.6,1.0
2026-03-09 13:00:00,T03,10.29,1033.8,1.0
2026-03-09 13:00:00,T04,8.65,453.1,1.0
2026-03-09 13:00:00,T05,9.92,936.3,1.0
2026-03-09 14:00:00,T01,7.31,197.9,1.0
2026-03-09 14:00:00,T02,12.76,2000.0,1.0
2026-03-09 14:00:00,T03,10.26,1044.8,1.0
2026-03-09 14:00:00,T04,8.28,424.5,1.0
2026-03-09 14:00:00,T05,12.09,1996.2,1.0
2026-03-09 15:00:00,T01,7.46,212.2,1.0
2026-03-09 15:00:00,T02,7.47,235.9,1.0
2026-03-09 15:00:00,T03,5.51,48.2,1.0
2026-03-09 15:00:00,T04,6.74,116.6,1.0
2026-03-09 15:00:00,T05,7.12,130.6,1.0
2026-03-09 16:00:00,T01,7.24,187.0,1.0
2026-03-09 16:00:00,T02,10.11,965.7,1.0
2026-03-09 16:00:00,T03,8.06,338.1,1.0
2026-03-09 16:00:00,T04,9.46,775.7,1.0
2026-03-09 16:00:00,T05,7.99,350.8,1.0
2026-03-09 17:00:00,T01,7.25,201.5,1.0
2026-03-09 17:00:00,T02,6.27,115.8,1.0
2026-03-09 17:00:00,T03,10.77,1320.6,1.0
2026-03-09 17:00:00,T04,9.83,919.1,1.0
2026-03-09 17:00:00,T05,9.95,956.6,1.0
2026-03-09 18:00:00,T01,10.53,1195.7,1.0
2026-03-09 18:00:00,T02,9.31,661.3,1.0
2026-03-09 18:00:00,T03,6.93,189.0,1.0
2026-03-09 18:00:00,T04,8.91,560.3,1.0
2026-03-09 18:00:00,T05,6.17,118.6,1.0
2026-03-09 19:00:00,T01,3.92,0.0,1.0
2026-03-09 19:00:00,T02,6.66,128.6,1.0
2026-03-09 19:00:00,T03,6.59,134.3,1.0
2026-03-09 19:00:00,T04,5.07,35.2,1.0
2026-03-09 19:00:00,T05,7.71,298.5,1.0
2026-03-09 20:00:00,T01,7.81,305.8,1.0
2026-03-09 20:00:00,T02,6.12,80.3,1.0
2026-03-09 20:00:00,T03,7.75,338.3,1.0
2026-03-09 20:00:00,T04,4.7,0.0,1.0
2026-03-09 20:00:00,T05,7.39,202.9,1.0
2026-03-09 21:00:00,T01,6.26,83.4,1.0
2026-03-09 21:00:00,T02,7.04,221.0,1.0
2026-03-09 21:00:00,T03,6.48,77.9,1.0
2026-03-09 21:00:00,T04,8.19,398.7,1.0
2026-03-09 21:00:00,T05,9.21,643.5,1.0
2026-03-09 22:00:00,T01,5.18,20.2,1.0
2026-03-09 22:00:00,T02,3.45,0.0,1.0
2026-03-09 22:00:00,T03,8.13,369.8,1.0
2026-03-09 22:00:00,T04,4.96,8.3,1.0
2026-03-09 22:00:00,T05,7.55,306.2,1.0
2026-03-09 23:00:00,T01,9.02,623.2,1.0
2026-03-09 23:00:00,T02,7.04,120.2,1.0
2026-03-09 23:00:00,T03,8.27,411.5,1.0
2026-03-09 23:00:00,T04,5.28,5.2,1.0
2026-03-09 23:00:00,T05,5.94,34.1,1.0
2026-03-10 00:00:00,T01,6.26,108.6,1.0
2026-03-10 00:00:00,T02,4.17,17.0,1.0
2026-03-10 00:00:00,T03,2.2,0.0,1.0
2026-03-10 00:00:00,T04,6.4,100.9,1.0
2026-03-10 00:00:00,T05,7.72,260.0,1.0
2026-03-10 01:00:00,T01,8.1,397.2,1.0
2026-03-10 01:00:00,T02,6.44,94.7,1.0
2026-03-10 01:00:00,T03,9.37,717.3,1.0
2026-03-10 01:00:00,T04,7.27,202.2,1.0
2026-03-10 01:00:00,T05,4.33,30.0,1.0
2026-03-10 02:00:00,T01,7.31,215.1,1.0
2026-03-10 02:00:00,T02,4.83,18.0,1.0
2026-03-10 02:00:00,T03,6.57,97.0,1.0
2026-03-10 02:00:00,T04,9.09,612.4,1.0
2026-03-10 02:00:00,T05,6.74,132.4,1.0
2026-03-10 03:00:00,T01,4.89,1.0,1.0
2026-03-10 03:00:00,T02,9.33,693.6,1.0
2026-03-10 03:00:00,T03,8.86,568.5,1.0
2026-03-10 03:00:00,T04,8.21,412.1,1.0
2026-03-10 03:00:00,T05,3.68,0.0,1.0
2026-03-10 04:00:00,T01,6.15,79.9,1.0
2026-03-10 04:00:00,T02,8.13,364.1,1.0
2026-03-10 04:00:00,T03,7.52,279.7,1.0
2026-03-10 04:00:00,T04,4.72,0.0,1.0
2026-03-10 04:00:00,T05,6.2,128.2,1.0
2026-03-10 05:00:00,T01,7.14,200.6,1.0
2026-03-10 05:00:00,T02,11.29,1580.5,1.0
2026-03-10 05:00:00,T03,9.09,627.7,1.0
2026-03-10 05:00:00,T04,9.47,787.0,1.0
2026-03-10 05:00:00,T05,6.61,140.4,1.0
2026-03-10 06:00:00,T01,7.28,219.4,1.0
2026-03-10 06:00:00,T02,2.87,0.0,1.0
2026-03-10 06:00:00,T03,6.98,126.7,1.0
2026-03-10 06:00:00,T04,5.36,2.8,1.0
2026-03-10 06:00:00,T05,8.0,333.3,1.0
2026-03-10 07:00:00,T01,5.6,20.9,1.0
2026-03-10 07:00:00,T02,10.01,933.9,1.0
2026-03-10 07:00:00,T03,5.39,13.1,1.0
2026-03-10 07:00:00,T04,9.65,847.0,1.0
2026-03-10 07:00:00,T05,6.47,85.8,1.0
2026-03-10 08:00:00,T01,8.29,408.7,1.0
2026-03-10 08:00:00,T02,9.89,915.3,1.0
2026-03-10 08:00:00,T03,8.29,420.4,1.0
2026-03-10 08:00:00,T04,7.3,193.1,1.0
2026-03-10 08:00:00,T05,10.11,1037.1,1.0
2026-03-10 09:00:00,T01,9.34,705.5,1.0
2026-03-10 09:00:00,T02,9.0,578.5,1.0
2026-03-10 09:00:00,T03,11.7,1808.6,1.0
2026-03-10 09:00:00,T04,9.68,815.9,1.0
2026-03-10 09:00:00,T05,5.42,38.2,1.0
2026-03-10 10:00:00,T01,13.03,2000.0,1.0
2026-03-10 10:00:00,T02,12.96,1959.8,1.0
2026-03-10 10:00:00,T03,9.67,747.8,1.0
2026-03-10 10:00:00,T04,9.33,683.4,1.0
2026-03-10 10:00:00,T05,12.57,2000.0,1.0
2026-03-10 11:00:00,T01,11.45,1700.0,1.0
2026-03-10 11:00:00,T02,7.21,220.9,1.0
2026-03-10 11:00:00,T03,10.03,982.7,1.0
2026-03-10 11:00:00,T04,8.97,576.0,1.0
2026-03-10 11:00:00,T05,7.68,304.3,1.0
2026-03-10 12:00:00,T01,7.34,203.7,1.0
2026-03-10 12:00:00,T02,10.12,1019.3,1.0
2026-03-10 12:00:00,T03,10.59,1200.7,1.0
2026-03-10 12:00:00,T04,9.4,739.9,1.0
2026-03-10 12:00:00,T05,9.92,896.5,1.0
2026-03-10 13:00:00,T01,8.19,375.9,1.0
2026-03-10 13:00:00,T02,11.03,1420.8,1.0
2026-03-10 13:00:00,T03,10.15,984.0,1.0
2026-03-10 13:00:00,T04,9.32,729.3,1.0
2026-03-10 13:00:00,T05,7.78,287.5,1.0
2026-03-10 14:00:00,T01,6.31,62.7,1.0
2026-03-10 14:00:00,T02,10.23,987.7,1.0
2026-03-10 14:00:00,T03,8.29,431.7,1.0
2026-03-10 14:00:00,T04,9.12,660.0,1.0
2026-03-10 14:00:00,T05,6.17,123.3,1.0
2026-03-10 15:00:00,T01,7.1,174.6,1.0
2026-03-10 15:00:00,T02,7.19,219.4,1.0
2026-03-10 15:00:00,T03,8.05,337.0,1.0
2026-03-10 15:00:00,T04,7.15,186.5,1.0
2026-03-10 15:00:00,T05,11.28,1593.2,1.0
2026-03-10 16:00:00,T01,7.55,266.2,1.0
2026-03-10 16:00:00,T02,9.2,611.4,1.0
2026-03-10 16:00:00,T03,5.06,6.8,1.0
2026-03-10 16:00:00,T04,8.15,379.0,1.0
2026-03-10 16:00:00,T05,7.9,275.5,1.0
2026-03-10 17:00:00,T01,10.92,1392.4,1.0
2026-03-10 17:00:00,T02,6.76,153.9,1.0
2026-03-10 17:00:00,T03,8.79,542.2,1.0
2026-03-10 17:00:00,T04,10.55,1161.1,1.0
2026-03-10 17:00:00,T05,12.26,2000.0,1.0
2026-03-10 18:00:00,T01,6.89,143.8,1.0
2026-03-10 18:00:00,T02,6.12,60.8,1.0
2026-03-10 18:00:00,T03,6.75,189.2,1.0
2026-03-10 18:00:00,T04,8.24,370.4,1.0
2026-03-10 18:00:00,T05,5.31,30.7,1.0
2026-03-10 19:00:00,T01,5.9,50.8,1.0
2026-03-10 19:00:00,T02,6.9,133.9,1.0
2026-03-10 19:00:00,T03,7.97,377.0,1.0
2026-03-10 19:00:00,T04,12.62,1971.3,1.0
2026-03-10 19:00:00,T05,5.8,34.3,1.0
2026-03-10 20:00:00,T01,2.95,0.0,1.0
2026-03-10 20:00:00,T02,10.05,950.3,1.0
2026-03-10 20:00:00,T03,8.35,428.2,1.0
2026-03-10 20:00:00,T04,7.32,209.8,1.0
2026-03-10 20:00:00,T05,10.33,1085.9,1.0
2026-03-10 21:00:00,T01,6.06,74.8,1.0
2026-03-10 21:00:00,T02,6.82,148.5,1.0
2026-03-10 21:00:00,T03,5.59,59.4,1.0
2026-03-10 21:00:00,T04,3.29,6.3,1.0
2026-03-10 21:00:00,T05,4.82,0.0,1.0
2026-03-10 22:00:00,T01,5.9,40.4,1.0
2026-03-10 22:00:00,T02,10.15,988.0,1.0
2026-03-10 22:00:00,T03,1.67,19.8,1.0
2026-03-10 22:00:00,T04,2.24,0.0,1.0
2026-03-10 22:00:00,T05,9.15,626.7,1.0
2026-03-10 23:00:00,T01,5.31,20.7,1.0
2026-03-10 23:00:00,T02,7.08,201.2,1.0
2026-03-10 23:00:00,T03,8.63,457.1,1.0
2026-03-10 23:00:00,T04,7.77,296.4,1.0
2026-03-10 23:00:00,T05,8.89,541.8,1.0
2026-03-11 00:00:00,T01,4.32,0.0,1.0
2026-03-11 00:00:00,T02,3.09,0.0,1.0
2026-03-11 00:00:00,T03,6.28,113.2,1.0
2026-03-11 00:00:00,T04,6.72,179.7,1.0
2026-03-11 00:00:00,T05,4.54,0.0,1.0
2026-03-11 01:00:00,T01,5.78,56.6,1.0
2026-03-11 01:00:00,T02,8.18,406.1,1.0
2026-03-11 01:00:00,T03,8.13,351.8,1.0
2026-03-11 01:00:00,T04,3.46,28.3,1.0
2026-03-11 01:00:00,T05,8.71,508.7,1.0
2026-03-11 02:00:00,T01,2.82,0.0,1.0
2026-03-11 02:00:00,T02,4.15,11.3,1.0
2026-03-11 02:00:00,T03,4.09,11.5,1.0
2026-03-11 02:00:00,T04,9.13,618.0,1.0
2026-03-11 02:00:00,T05,8.46,420.9,1.0
2026-03-11 03:00:00,T01,3.48,0.0,1.0
2026-03-11 03:00:00,T02,5.56,28.6,1.0
2026-03-11 03:00:00,T03,9.13,626.2,1.0
2026-03-11 03:00:00,T04,5.75,22.4,1.0
2026-03-11 03:00:00,T05,5.52,83.0,1.0
2026-03-11 04:00:00,T01,10.39,1161.8,1.0
2026-03-11 04:00:00,T02,9.55,749.4,1.0
2026-03-11 04:00:00,T03,11.88,1933.1,1.0
2026-03-11 04:00:00,T04,6.09,92.5,1.0
2026-03-11 04:00:00,T05,7.87,328.3,1.0
2026-03-11 05:00:00,T01,4.35,0.0,1.0
2026-03-11 05:00:00,T02,4.88,0.0,1.0
2026-03-11 05:00:00,T03,3.56,3.4,1.0
2026-03-11 05:00:00,T04,8.59,420.6,1.0
2026-03-11 05:00:00,T05,8.98,632.6,1.0
2026-03-11 06:00:00,T01,5.37,8.9,1.0
2026-03-11 06:00:00,T02,6.91,171.2,1.0
2026-03-11 06:00:00,T03,9.7,747.9,1.0
2026-03-11 06:00:00,T04,7.02,205.6,1.0
2026-03-11 06:00:00,T05,8.43,435.6,1.0
2026-03-11 07:00:00,T01,11.18,1547.4,1.0
2026-03-11 07:00:00,T02,7.14,185.7,1.0
2026-03-11 07:00:00,T03,7.7,289.2,1.0
2026-03-11 07:00:00,T04,8.55,463.6,1.0
2026-03-11 07:00:00,T05,7.98,324.8,1.0
2026-03-11 08:00:00,T01,13.35,2000.0,1.0
2026-03-11 08:00:00,T02,8.03,289.5,1.0
2026-03-11 08:00:00,T03,7.45,257.6,1.0
2026-03-11 08:00:00,T04,7.99,385.7,1.0
2026-03-11 08:00:00,T05,9.29,725.8,1.0
2026-03-11 09:00:00,T01,7.63,242.3,1.0
2026-03-11 09:00:00,T02,8.97,570.3,1.0
2026-03-11 09:00:00,T03,10.32,1089.3,1.0
2026-03-11 09:00:00,T04,6.69,94.3,1.0
2026-03-11 09:00:00,T05,8.94,561.0,1.0
2026-03-11 10:00:00,T01,8.65,486.7,1.0
2026-03-11 10:00:00,T02,10.47,1122.7,1.0
2026-03-11 10:00:00,T03,12.5,1997.4,1.0
2026-03-11 10:00:00,T04,6.3,121.4,1.0
2026-03-11 10:00:00,T05,6.38,101.7,1.0
2026-03-11 11:00:00,T01,9.57,786.6,1.0
2026-03-11 11:00:00,T02,12.57,2000.0,1.0
2026-03-11 11:00:00,T03,5.48,83.0,1.0
2026-03-11 11:00:00,T04,10.51,1160.2,1.0
2026-03-11 11:00:00,T05,8.58,493.4,1.0
2026-03-11 12:00:00,T01,11.51,1735.0,1.0
2026-03-11 12:00:00,T02,10.28,1018.1,1.0
2026-03-11 12:00:00,T03,8.65,502.4,1.0
2026-03-11 12:00:00,T04,9.34,691.0,1.0
2026-03-11 12:00:00,T05,7.99,309.5,1.0
2026-03-11 13:00:00,T01,6.93,142.0,1.0
2026-03-11 13:00:00,T02,9.68,782.5,1.0
2026-03-11 13:00:00,T03,9.0,603.2,1.0
2026-03-11 13:00:00,T04,8.9,527.8,1.0
2026-03-11 13:00:00,T05,8.53,481.6,1.0
2026-03-11 14:00:00,T01,9.61,785.5,1.0
2026-03-11 14:00:00,T02,11.5,1712.6,1.0
2026-03-11 14:00:00,T03,10.85,1353.4,1.0
2026-03-11 14:00:00,T04,3.7,15.8,1.0
2026-03-11 14:00:00,T05,6.66,149.2,1.0
2026-03-11 15:00:00,T01,9.86,906.2,1.0
2026-03-11 15:00:00,T02,11.9,1965.8,1.0
2026-03-11 15:00:00,T03,8.52,471.3,1.0
2026-03-11 15:00:00,T04,10.33,1097.4,1.0
2026-03-11 15:00:00,T05,8.04,382.4,1.0
2026-03-11 16:00:00,T01,9.7,836.6,1.0
2026-03-11 16:00:00,T02,10.98,1377.6,1.0
2026-03-11 16:00:00,T03,9.1,598.9,1.0
2026-03-11 16:00:00,T04,10.14,1043.0,1.0
2026-03-11 16:00:00,T05,7.98,360.3,1.0
2026-03-11 17:00:00,T01,6.88,151.2,1.0
2026-03-11 17:00:00,T02,6.82,136.9,1.0
2026-03-11 17:00:00,T03,5.27,0.0,1.0
2026-03-11 17:00:00,T04,12.84,2000.0,1.0
2026-03-11 17:00:00,T05,6.83,186.1,1.0
2026-03-11 18:00:00,T01,6.76,142.7,1.0
2026-03-11 18:00:00,T02,8.01,361.4,1.0
2026-03-11 18:00:00,T03,9.91,892.8,1.0
2026-03-11 18:00:00,T04,8.86,537.6,1.0
2026-03-11 18:00:00,T05,8.0,341.0,1.0
2026-03-11 19:00:00,T01,4.54,0.0,1.0
2026-03-11 19:00:00,T02,8.64,434.7,1.0
2026-03-11 19:00:00,T03,9.77,871.8,1.0
2026-03-11 19:00:00,T04,11.05,1408.2,1.0
2026-03-11 19:00:00,T05,6.44,90.4,1.0
2026-03-11 20:00:00,T01,6.23,86.6,1.0
2026-03-11 20:00:00,T02,8.06,308.8,1.0
2026-03-11 20:00:00,T03,6.31,90.9,1.0
2026-03-11 20:00:00,T04,3.63,0.0,1.0
2026-03-11 20:00:00,T05,9.79,910.1,1.0
2026-03-11 21:00:00,T01,6.33,95.0,1.0
2026-03-11 21:00:00,T02,5.78,51.7,1.0
2026-03-11 21:00:00,T03,5.62,69.2,1.0
2026-03-11 21:00:00,T04,4.52,46.5,1.0
2026-03-11 21:00:00,T05,8.25,359.6,1.0
2026-03-11 22:00:00,T01,6.78,153.9,1.0
2026-03-11 22:00:00,T02,5.54,83.9,1.0
2026-03-11 22:00:00,T03,6.52,123.9,1.0
2026-03-11 22:00:00,T04,8.4,412.7,1.0
2026-03-11 22:00:00,T05,7.37,193.7,1.0
2026-03-11 23:00:00,T01,4.48,0.0,1.0
2026-03-11 23:00:00,T02,3.76,0.0,1.0
2026-03-11 23:00:00,T03,6.94,199.5,1.0
2026-03-11 23:00:00,T04,3.28,37.1,1.0
2026-03-11 23:00:00,T05,8.66,510.7,1.0
2026-03-12 00:00:00,T01,6.55,134.1,1.0
2026-03-12 00:00:00,T02,4.67,15.3,1.0
2026-03-12 00:00:00,T03,7.35,218.3,1.0
2026-03-12 00:00:00,T04,6.84,168.0,1.0
2026-03-12 00:00:00,T05,3.73,41.7,1.0
2026-03-12 01:00:00,T01,7.91,349.7,1.0
2026-03-12 01:00:00,T02,4.02,31.2,1.0
2026-03-12 01:00:00,T03,3.57,12.2,1.0
2026-03-12 01:00:00,T04,7.1,196.9,1.0
2026-03-12 01:00:00,T05,6.49,121.8,1.0
2026-03-12 02:00:00,T01,6.8,154.1,1.0
2026-03-12 02:00:00,T02,8.37,477.6,1.0
2026-03-12 02:00:00,T03,5.19,41.6,1.0
2026-03-12 02:00:00,T04,6.51,111.5,1.0
2026-03-12 02:00:00,T05,7.66,302.3,1.0
2026-03-12 03:00:00,T01,8.7,517.0,1.0
2026-03-12 03:00:00,T02,5.73,41.2,1.0
2026-03-12 03:00:00,T03,5.11,63.3,1.0
2026-03-12 03:00:00,T04,8.5,472.3,1.0
2026-03-12 03:00:00,T05,5.93,19.1,1.0
2026-03-12 04:00:00,T01,7.82,308.2,1.0
2026-03-12 04:00:00,T02,6.79,149.3,1.0
2026-03-12 04:00:00,T03,9.22,616.7,1.0
2026-03-12 04:00:00,T04,3.99,2.3,1.0
2026-03-12 04:00:00,T05,8.05,340.1,1.0
2026-03-12 05:00:00,T01,7.89,320.4,1.0
2026-03-12 05:00:00,T02,7.91,370.6,1.0
2026-03-12 05:00:00,T03,6.35,91.5,1.0
2026-03-12 05:00:00,T04,4.7,4.3,1.0
2026-03-12 05:00:00,T05,6.29,50.9,1.0
2026-03-12 06:00:00,T01,6.51,100.7,1.0
2026-03-12 06:00:00,T02,7.36,189.4,1.0
2026-03-12 06:00:00,T03,6.48,136.8,1.0
2026-03-12 06:00:00,T04,5.79,76.8,1.0
2026-03-12 06:00:00,T05,4.89,38.0,1.0
2026-03-12 07:00:00,T01,7.68,288.5,1.0
2026-03-12 07:00:00,T02,6.84,181.4,1.0
2026-03-12 07:00:00,T03,6.01,113.5,1.0
2026-03-12 07:00:00,T04,8.62,482.4,1.0
2026-03-12 07:00:00,T05,6.58,87.2,1.0
2026-03-12 08:00:00,T01,8.14,370.4,1.0
2026-03-12 08:00:00,T02,9.64,777.8,1.0
2026-03-12 08:00:00,T03,7.18,206.6,1.0
2026-03-12 08:00:00,T04,8.35,399.0,1.0
2026-03-12 08:00:00,T05,5.99,41.2,1.0
2026-03-12 09:00:00,T01,12.98,2000.0,1.0
2026-03-12 09:00:00,T02,6.72,143.6,1.0
2026-03-12 09:00:00,T03,12.83,1992.7,1.0
2026-03-12 09:00:00,T04,7.22,221.2,1.0
2026-03-12 09:00:00,T05,7.98,351.8,1.0
2026-03-12 10:00:00,T01,12.8,2000.0,1.0
2026-03-12 10:00:00,T02,11.02,1406.5,1.0
2026-03-12 10:00:00,T03,5.78,77.9,1.0
2026-03-12 10:00:00,T04,7.35,223.5,1.0
2026-03-12 10:00:00,T05,10.17,1039.9,1.0
2026-03-12 11:00:00,T01,10.03,963.9,1.0
2026-03-12 11:00:00,T02,8.28,379.8,1.0
2026-03-12 11:00:00,T03,9.15,660.2,1.0
2026-03-12 11:00:00,T04,10.79,1311.2,1.0
2026-03-12 11:00:00,T05,6.77,143.6,1.0
2026-03-12 12:00:00,T01,7.17,180.0,1.0
2026-03-12 12:00:00,T02,9.91,879.8,1.0
2026-03-12 12:00:00,T03,10.83,1305.6,1.0
2026-03-12 12:00:00,T04,9.55,760.0,1.0
2026-03-12 12:00:00,T05,6.57,139.1,1.0
2026-03-12 13:00:00,T01,7.24,181.8,1.0
2026-03-12 13:00:00,T02,8.62,494.8,1.0
2026-03-12 13:00:00,T03,13.54,2000.0,1.0
2026-03-12 13:00:00,T04,12.42,1969.8,1.0
2026-03-12 13:00:00,T05,8.12,381.5,1.0
2026-03-12 14:00:00,T01,10.57,1219.6,1.0
2026-03-12 14:00:00,T02,10.19,1043.1,1.0
2026-03-12 14:00:00,T03,10.52,1197.2,1.0
2026-03-12 14:00:00,T04,10.31,1116.3,1.0
2026-03-12 14:00:00,T05,6.56,118.2,1.0
2026-03-12 15:00:00,T01,8.61,489.8,1.0
2026-03-12 15:00:00,T02,10.68,1241.5,1.0
2026-03-12 15:00:00,T03,9.67,860.3,1.0
2026-03-12 15:00:00,T04,13.49,2000.0,1.0
2026-03-12 15:00:00,T05,9.64,777.6,1.0
2026-03-12 16:00:00,T01,10.26,1063.1,1.0
2026-03-12 16:00:00,T02,4.74,16.2,1.0
2026-03-12 16:00:00,T03,8.79,550.0,1.0
2026-03-12 16:00:00,T04,7.5,272.4,1.0
2026-03-12 16:00:00,T05,6.16,101.1,1.0
2026-03-12 17:00:00,T01,4.65,0.0,1.0
2026-03-12 17:00:00,T02,11.51,1704.0,1.0
2026-03-12 17:00:00,T03,5.44,41.2,1.0
2026-03-12 17:00:00,T04,9.11,617.4,1.0
2026-03-12 17:00:00,T05,6.6,142.9,1.0
2026-03-12 18:00:00,T01,8.34,440.4,1.0
2026-03-12 18:00:00,T02,7.13,169.5,1.0
2026-03-12 18:00:00,T03,4.36,5.5,1.0
2026-03-12 18:00:00,T04,7.2,196.3,1.0
2026-03-12 18:00:00,T05,6.53,142.8,1.0
2026-03-12 19:00:00,T01,8.2,396.1,1.0
2026-03-12 19:00:00,T02,10.59,1218.1,1.0
2026-03-12 19:00:00,T03,6.98,186.7,1.0
2026-03-12 19:00:00,T04,9.16,675.0,1.0
2026-03-12 19:00:00,T05,7.7,292.7,1.0
2026-03-12 20:00:00,T01,6.39,79.1,1.0
2026-03-12 20:00:00,T02,8.38,448.7,1.0
2026-03-12 20:00:00,T03,9.82,869.1,1.0
2026-03-12 20:00:00,T04,14.16,1991.2,1.0
2026-03-12 20:00:00,T05,7.31,190.2,1.0
2026-03-12 21:00:00,T01,4.89,6.8,1.0
2026-03-12 21:00:00,T02,6.63,196.3,1.0
2026-03-12 21:00:00,T03,7.19,206.8,1.0
2026-03-12 21:00:00,T04,6.61,112.9,1.0
2026-03-12 21:00:00,T05,8.81,556.6,1.0
2026-03-12 22:00:00,T01,6.09,87.2,1.0
2026-03-12 22:00:00,T02,5.49,32.8,1.0
2026-03-12 22:00:00,T03,5.28,6.0,1.0
2026-03-12 22:00:00,T04,6.87,206.1,1.0
2026-03-12 22:00:00,T05,5.84,63.0,1.0
2026-03-12 23:00:00,T01,6.2,91.0,1.0
2026-03-12 23:00:00,T02,6.88,148.2,1.0
2026-03-12 23:00:00,T03,9.3,717.7,1.0
2026-03-12 23:00:00,T04,8.26,399.0,1.0
2026-03-12 23:00:00,T05,6.1,69.8,1.0
2026-03-13 00:00:00,T01,5.48,34.4,1.0
2026-03-13 00:00:00,T02,6.82,172.7,1.0
2026-03-13 00:00:00,T03,1.37,0.0,1.0
2026-03-13 00:00:00,T04,4.87,62.2,1.0
2026-03-13 00:00:00,T05,4.22,0.0,1.0
2026-03-13 01:00:00,T01,6.6,125.3,1.0
2026-03-13 01:00:00,T02,6.56,143.8,1.0
2026-03-13 01:00:00,T03,4.55,0.0,1.0
2026-03-13 01:00:00,T04,5.08,0.0,1.0
2026-03-13 01:00:00,T05,6.28,79.7,1.0
2026-03-13 02:00:00,T01,5.3,27.0,1.0
2026-03-13 02:00:00,T02,7.04,167.9,1.0
2026-03-13 02:00:00,T03,9.8,865.4,1.0
2026-03-13 02:00:00,T04,1.68,13.0,1.0
2026-03-13 02:00:00,T05,7.28,236.8,1.0
2026-03-13 03:00:00,T01,6.81,155.6,1.0
2026-03-13 03:00:00,T02,6.52,109.6,1.0
2026-03-13 03:00:00,T03,6.83,204.5,1.0
2026-03-13 03:00:00,T04,7.23,259.8,1.0
2026-03-13 03:00:00,T05,4.01,0.0,1.0
2026-03-13 04:00:00,T01,11.29,1602.5,1.0
2026-03-13 04:00:00,T02,9.21,669.3,1.0
2026-03-13 04:00:00,T03,5.43,28.8,1.0
2026-03-13 04:00:00,T04,6.44,112.3,1.0
2026-03-13 04:00:00,T05,5.1,0.6,1.0
2026-03-13 05:00:00,T01,2.28,0.0,1.0
2026-03-13 05:00:00,T02,6.0,53.1,1.0
2026-03-13 05:00:00,T03,5.49,25.8,1.0
2026-03-13 05:00:00,T04,7.93,322.0,1.0
2026-03-13 05:00:00,T05,5.87,56.6,1.0
2026-03-13 06:00:00,T01,6.29,91.8,1.0
2026-03-13 06:00:00,T02,7.15,185.4,1.0
2026-03-13 06:00:00,T03,8.86,538.8,1.0
2026-03-13 06:00:00,T04,8.45,415.2,1.0
2026-03-13 06:00:00,T05,2.59,40.3,1.0
2026-03-13 07:00:00,T01,7.74,297.1,1.0
2026-03-13 07:00:00,T02,8.31,413.9,1.0
2026-03-13 07:00:00,T03,9.44,774.5,1.0
2026-03-13 07:00:00,T04,5.32,61.2,1.0
2026-03-13 07:00:00,T05,10.63,1245.1,1.0
2026-03-13 08:00:00,T01,9.34,705.6,1.0
2026-03-13 08:00:00,T02,6.98,197.9,1.0
2026-03-13 08:00:00,T03,10.25,974.3,1.0
2026-03-13 08:00:00,T04,7.85,294.4,1.0
2026-03-13 08:00:00,T05,11.86,1866.4,1.0
2026-03-13 09:00:00,T01,9.51,749.0,1.0
2026-03-13 09:00:00,T02,9.84,862.5,1.0
2026-03-13 09:00:00,T03,5.57,21.8,1.0
2026-03-13 09:00:00,T04,9.0,590.2,1.0
2026-03-13 09:00:00,T05,14.21,2000.0,1.0
2026-03-13 10:00:00,T01,4.9,0.0,1.0
2026-03-13 10:00:00,T02,11.66,1733.4,1.0
2026-03-13 10:00:00,T03,8.13,439.7,1.0
2026-03-13 10:00:00,T04,8.82,510.6,1.0
2026-03-13 10:00:00,T05,12.42,2000.0,1.0
2026-03-13 11:00:00,T01,8.81,546.5,1.0
2026-03-13 11:00:00,T02,10.55,1134.1,1.0
2026-03-13 11:00:00,T03,8.39,445.4,1.0
2026-03-13 11:00:00,T04,7.67,319.0,1.0
2026-03-13 11:00:00,T05,9.89,866.5,1.0
2026-03-13 12:00:00,T01,12.16,2000.0,1.0
2026-03-13 12:00:00,T02,7.77,267.1,1.0
2026-03-13 12:00:00,T03,11.43,1614.3,1.0
2026-03-13 12:00:00,T04,9.95,950.1,1.0
2026-03-13 12:00:00,T05,10.06,900.8,1.0
2026-03-13 13:00:00,T01,6.06,39.9,1.0
2026-03-13 13:00:00,T02,12.35,1967.2,1.0
2026-03-13 13:00:00,T03,6.63,130.4,1.0
2026-03-13 13:00:00,T04,9.81,866.9,1.0
2026-03-13 13:00:00,T05,9.8,861.1,1.0
2026-03-13 14:00:00,T01,10.52,1190.5,1.0
2026-03-13 14:00:00,T02,6.49,112.9,1.0
2026-03-13 14:00:00,T03,10.9,1353.1,1.0
2026-03-13 14:00:00,T04,10.23,1008.4,1.0
2026-03-13 14:00:00,T05,7.7,312.7,1.0
2026-03-13 15:00:00,T01,8.22,382.0,1.0
2026-03-13 15:00:00,T02,9.75,814.5,1.0
2026-03-13 15:00:00,T03,10.8,1320.9,1.0
2026-03-13 15:00:00,T04,10.24,1078.3,1.0
2026-03-13 15:00:00,T05,5.62,88.9,1.0
2026-03-13 16:00:00,T01,9.26,672.6,1.0
2026-03-13 16:00:00,T02,10.3,1050.2,1.0
2026-03-13 16:00:00,T03,6.03,122.1,1.0
2026-03-13 16:00:00,T04,13.2,1990.9,1.0
2026-03-13 16:00:00,T05,9.61,769.4,1.0
2026-03-13 17:00:00,T01,7.25,184.5,1.0
2026-03-13 17:00:00,T02,7.32,202.5,1.0
2026-03-13 17:00:00,T03,10.2,1033.1,1.0
2026-03-13 17:00:00,T04,8.01,316.6,1.0
2026-03-13 17:00:00,T05,8.52,505.5,1.0
2026-03-13 18:00:00,T01,7.58,255.8,1.0
2026-03-13 18:00:00,T02,7.48,236.2,1.0
2026-03-13 18:00:00,T03,10.7,1240.0,1.0
2026-03-13 18:00:00,T04,7.26,167.6,1.0
2026-03-13 18:00:00,T05,5.22,0.0,1.0
2026-03-13 19:00:00,T01,8.98,620.6,1.0
2026-03-13 19:00:00,T02,6.39,139.7,1.0
2026-03-13 19:00:00,T03,8.7,528.1,1.0
2026-03-13 19:00:00,T04,9.14,619.5,1.0
2026-03-13 19:00:00,T05,4.39,0.0,1.0
2026-03-13 20:00:00,T01,8.8,549.2,1.0
2026-03-13 20:00:00,T02,10.84,1338.2,1.0
2026-03-13 20:00:00,T03,7.19,183.9,1.0
2026-03-13 20:00:00,T04,4.49,0.0,1.0
2026-03-13 20:00:00,T05,7.68,270.8,1.0
2026-03-13 21:00:00,T01,10.26,1094.8,1.0
2026-03-13 21:00:00,T02,4.01,3.2,1.0
2026-03-13 21:00:00,T03,6.21,64.6,1.0
2026-03-13 21:00:00,T04,5.64,34.9,1.0
2026-03-13 21:00:00,T05,4.82,45.3,1.0
2026-03-13 22:00:00,T01,8.35,449.5,1.0
2026-03-13 22:00:00,T02,5.2,17.8,1.0
2026-03-13 22:00:00,T03,5.25,0.0,1.0
2026-03-13 22:00:00,T04,5.53,63.2,1.0
2026-03-13 22:00:00,T05,4.42,40.3,1.0
2026-03-13 23:00:00,T01,7.59,275.5,1.0
2026-03-13 23:00:00,T02,6.49,105.4,1.0
2026-03-13 23:00:00,T03,7.27,174.6,1.0
2026-03-13 23:00:00,T04,8.43,430.9,1.0
2026-03-13 23:00:00,T05,7.19,225.1,1.0
2026-03-14 00:00:00,T01,10.07,1012.3,1.0
2026-03-14 00:00:00,T02,8.51,467.0,1.0
2026-03-14 00:00:00,T03,3.33,0.0,1.0
2026-03-14 00:00:00,T04,6.75,153.8,1.0
2026-03-14 00:00:00,T05,6.24,59.3,1.0
2026-03-14 01:00:00,T01,6.85,167.4,1.0
2026-03-14 01:00:00,T02,7.4,248.7,1.0
2026-03-14 01:00:00,T03,5.91,38.2,1.0
2026-03-14 01:00:00,T04,3.57,0.0,1.0
2026-03-14 01:00:00,T05,2.59,21.6,1.0
2026-03-14 02:00:00,T01,8.05,374.9,1.0
2026-03-14 02:00:00,T02,6.85,134.5,1.0
2026-03-14 02:00:00,T03,4.04,10.9,1.0
2026-03-14 02:00:00,T04,6.63,132.4,1.0
2026-03-14 02:00:00,T05,4.06,16.0,1.0
2026-03-14 03:00:00,T01,5.81,53.6,1.0
2026-03-14 03:00:00,T02,10.32,1076.2,1.0
2026-03-14 03:00:00,T03,4.06,0.0,1.0
2026-03-14 03:00:00,T04,5.69,101.6,1.0
2026-03-14 03:00:00,T05,6.41,67.0,1.0
2026-03-14 04:00:00,T01,6.23,94.5,1.0
2026-03-14 04:00:00,T02,8.2,335.0,1.0
2026-03-14 04:00:00,T03,9.43,649.5,1.0
2026-03-14 04:00:00,T04,7.98,329.4,1.0
2026-03-14 04:00:00,T05,5.49,0.0,1.0
2026-03-14 05:00:00,T01,6.84,138.0,1.0
2026-03-14 05:00:00,T02,6.83,159.7,1.0
2026-03-14 05:00:00,T03,3.95,0.0,1.0
2026-03-14 05:00:00,T04,6.12,93.2,1.0
2026-03-14 05:00:00,T05,6.6,154.5,1.0
2026-03-14 06:00:00,T01,8.64,517.9,1.0
2026-03-14 06:00:00,T02,4.87,37.0,1.0
2026-03-14 06:00:00,T03,13.11,1988.2,1.0
2026-03-14 06:00:00,T04,7.45,202.9,1.0
2026-03-14 06:00:00,T05,7.64,269.2,1.0
2026-03-14 07:00:00,T01,5.16,0.0,1.0
2026-03-14 07:00:00,T02,8.3,400.4,1.0
2026-03-14 07:00:00,T03,4.34,0.0,1.0
2026-03-14 07:00:00,T04,7.54,294.3,1.0
2026-03-14 07:00:00,T05,7.56,228.3,1.0
2026-03-14 08:00:00,T01,9.22,679.1,1.0
2026-03-14 08:00:00,T02,7.01,222.0,1.0
2026-03-14 08:00:00,T03,10.32,1112.0,1.0
2026-03-14 08:00:00,T04,5.98,60.5,1.0
2026-03-14 08:00:00,T05,12.75,1994.8,1.0
2026-03-14 09:00:00,T01,8.12,363.6,1.0
2026-03-14 09:00:00,T02,7.56,238.1,1.0
2026-03-14 09:00:00,T03,9.09,604.2,1.0
2026-03-14 09:00:00,T04,11.14,1505.3,1.0
2026-03-14 09:00:00,T05,7.66,286.7,1.0
2026-03-14 10:00:00,T01,10.83,1346.1,1.0
2026-03-14 10:00:00,T02,11.05,1434.1,1.0
2026-03-14 10:00:00,T03,5.88,87.4,1.0
2026-03-14 10:00:00,T04,8.07,354.9,1.0
2026-03-14 10:00:00,T05,10.38,1100.7,1.0
2026-03-14 11:00:00,T01,10.19,1039.6,1.0
2026-03-14 11:00:00,T02,7.98,337.0,1.0
2026-03-14 11:00:00,T03,7.38,230.0,1.0
2026-03-14 11:00:00,T04,8.56,485.6,1.0
2026-03-14 11:00:00,T05,8.06,316.4,1.0
2026-03-14 12:00:00,T01,12.09,2000.0,1.0
2026-03-14 12:00:00,T02,10.66,1228.4,1.0
2026-03-14 12:00:00,T03,6.84,154.7,1.0
2026-03-14 12:00:00,T04,9.31,707.2,1.0
2026-03-14 12:00:00,T05,8.11,413.2,1.0
2026-03-14 13:00:00,T01,12.63,2000.0,1.0
2026-03-14 13:00:00,T02,11.24,1531.7,1.0
2026-03-14 13:00:00,T03,6.68,115.7,1.0
2026-03-14 13:00:00,T04,9.94,906.3,1.0
2026-03-14 13:00:00,T05,9.85,906.0,1.0
2026-03-14 14:00:00,T01,5.18,0.0,1.0
2026-03-14 14:00:00,T02,9.34,700.7,1.0
2026-03-14 14:00:00,T03,10.84,1322.3,1.0
2026-03-14 14:00:00,T04,5.54,72.1,1.0
2026-03-14 14:00:00,T05,10.88,1334.4,1.0
2026-03-14 15:00:00,T01,8.42,435.9,1.0
2026-03-14 15:00:00,T02,7.63,292.7,1.0
2026-03-14 15:00:00,T03,6.47,95.9,1.0
2026-03-14 15:00:00,T04,11.57,1707.6,1.0
2026-03-14 15:00:00,T05,8.61,476.1,1.0
2026-03-14 16:00:00,T01,5.8,30.7,1.0
2026-03-14 16:00:00,T02,11.41,1666.4,1.0
2026-03-14 16:00:00,T03,4.89,22.9,1.0
2026-03-14 16:00:00,T04,9.25,688.3,1.0
2026-03-14 16:00:00,T05,6.26,103.9,1.0
2026-03-14 17:00:00,T01,7.31,207.1,1.0
2026-03-14 17:00:00,T02,7.47,244.2,1.0
2026-03-14 17:00:00,T03,10.08,968.8,1.0
2026-03-14 17:00:00,T04,6.82,143.5,1.0
2026-03-14 17:00:00,T05,8.94,546.0,1.0
2026-03-14 18:00:00,T01,12.76,2000.0,1.0
2026-03-14 18:00:00,T02,8.39,450.9,1.0
2026-03-14 18:00:00,T03,8.11,342.6,1.0
2026-03-14 18:00:00,T04,7.58,272.6,1.0
2026-03-14 18:00:00,T05,6.44,120.0,1.0
2026-03-14 19:00:00,T01,8.37,441.5,1.0
2026-03-14 19:00:00,T02,7.85,295.9,1.0
2026-03-14 19:00:00,T03,7.61,293.5,1.0
2026-03-14 19:00:00,T04,10.9,1342.6,1.0
2026-03-14 19:00:00,T05,5.46,7.4,1.0
2026-03-14 20:00:00,T01,5.61,31.3,1.0
2026-03-14 20:00:00,T02,11.47,1685.2,1.0
2026-03-14 20:00:00,T03,7.03,189.7,1.0
2026-03-14 20:00:00,T04,6.54,122.6,1.0
2026-03-14 20:00:00,T05,6.87,157.7,1.0
2026-03-14 21:00:00,T01,4.86,0.0,1.0
2026-03-14 21:00:00,T02,7.84,292.3,1.0
2026-03-14 21:00:00,T03,8.72,503.3,1.0
2026-03-14 21:00:00,T04,6.13,57.1,1.0
2026-03-14 21:00:00,T05,8.5,428.3,1.0
2026-03-14 22:00:00,T01,6.7,139.8,1.0
2026-03-14 22:00:00,T02,6.33,128.5,1.0
2026-03-14 22:00:00,T03,8.79,536.9,1.0
2026-03-14 22:00:00,T04,8.32,418.2,1.0
2026-03-14 22:00:00,T05,4.25,0.0,1.0
2026-03-14 23:00:00,T01,4.52,0.0,1.0
2026-03-14 23:00:00,T02,7.4,288.3,1.0
2026-03-14 23:00:00,T03,5.81,58.9,1.0
2026-03-14 23:00:00,T04,8.64,493.4,1.0
2026-03-14 23:00:00,T05,7.4,274.6,1.0
